url,page_type,subtype,priority,estimated_rank,phase_id,phase_label,top_action,actions
https://simplyenak.com/de/stories/borneo-indigenous-food-culture,blog,blog:borneo-indigenous-food-culture,0.5,55,1,Foundation (Position 50+ / Unranked),"Set unique, keyword-rich title tags (<60 chars)","Set unique, keyword-rich title tags (<60 chars)
Write compelling meta descriptions (150–160 chars)
Add proper heading hierarchy (H1 → H2 → H3)
Ensure page is indexable (no noindex, no canonical issues)
Add Open Graph and Twitter card meta tags"
https://simplyenak.com/de/stories/durian-guide-2026,blog,blog:durian-guide-2026,0.5,55,1,Foundation (Position 50+ / Unranked),"Set unique, keyword-rich title tags (<60 chars)","Set unique, keyword-rich title tags (<60 chars)
Write compelling meta descriptions (150–160 chars)
Add proper heading hierarchy (H1 → H2 → H3)
Ensure page is indexable (no noindex, no canonical issues)
Add Open Graph and Twitter card meta tags"
https://simplyenak.com/de/stories/johor-bahru-local-food-guide,blog,blog:johor-bahru-local-food-guide,0.5,55,1,Foundation (Position 50+ / Unranked),"Set unique, keyword-rich title tags (<60 chars)","Set unique, keyword-rich title tags (<60 chars)
Write compelling meta descriptions (150–160 chars)
Add proper heading hierarchy (H1 → H2 → H3)
Ensure page is indexable (no noindex, no canonical issues)
Add Open Graph and Twitter card meta tags"
https://simplyenak.com/de/stories/malaysia-durian-guide,blog,blog:malaysia-durian-guide,0.5,55,1,Foundation (Position 50+ / Unranked),"Set unique, keyword-rich title tags (<60 chars)","Set unique, keyword-rich title tags (<60 chars)
Write compelling meta descriptions (150–160 chars)
Add proper heading hierarchy (H1 → H2 → H3)
Ensure page is indexable (no noindex, no canonical issues)
Add Open Graph and Twitter card meta tags"
https://simplyenak.com/de/stories/malaysia-food-guide-first-time-visitors,blog,blog:malaysia-food-guide-first-time-visitors,0.5,55,1,Foundation (Position 50+ / Unranked),"Set unique, keyword-rich title tags (<60 chars)","Set unique, keyword-rich title tags (<60 chars)
Write compelling meta descriptions (150–160 chars)
Add proper heading hierarchy (H1 → H2 → H3)
Ensure page is indexable (no noindex, no canonical issues)
Add Open Graph and Twitter card meta tags"
https://simplyenak.com/de/stories/malaysian-chefs-local-cuisine,blog,blog:malaysian-chefs-local-cuisine,0.5,55,1,Foundation (Position 50+ / Unranked),"Set unique, keyword-rich title tags (<60 chars)","Set unique, keyword-rich title tags (<60 chars)
Write compelling meta descriptions (150–160 chars)
Add proper heading hierarchy (H1 → H2 → H3)
Ensure page is indexable (no noindex, no canonical issues)
Add Open Graph and Twitter card meta tags"
https://simplyenak.com/de/stories/malaysian-egg-dishes-cooking-methods,blog,blog:malaysian-egg-dishes-cooking-methods,0.5,55,1,Foundation (Position 50+ / Unranked),"Set unique, keyword-rich title tags (<60 chars)","Set unique, keyword-rich title tags (<60 chars)
Write compelling meta descriptions (150–160 chars)
Add proper heading hierarchy (H1 → H2 → H3)
Ensure page is indexable (no noindex, no canonical issues)
Add Open Graph and Twitter card meta tags"
https://simplyenak.com/de/stories/malaysian-kueh-sweets-guide,blog,blog:malaysian-kueh-sweets-guide,0.5,55,1,Foundation (Position 50+ / Unranked),"Set unique, keyword-rich title tags (<60 chars)","Set unique, keyword-rich title tags (<60 chars)
Write compelling meta descriptions (150–160 chars)
Add proper heading hierarchy (H1 → H2 → H3)
Ensure page is indexable (no noindex, no canonical issues)
Add Open Graph and Twitter card meta tags"
https://simplyenak.com/de/stories/nyonya-cuisine-cultural-symbolism,blog,blog:nyonya-cuisine-cultural-symbolism,0.5,55,1,Foundation (Position 50+ / Unranked),"Set unique, keyword-rich title tags (<60 chars)","Set unique, keyword-rich title tags (<60 chars)
Write compelling meta descriptions (150–160 chars)
Add proper heading hierarchy (H1 → H2 → H3)
Ensure page is indexable (no noindex, no canonical issues)
Add Open Graph and Twitter card meta tags"
https://simplyenak.com/de/stories/traditional-pahang-food,blog,blog:traditional-pahang-food,0.5,55,1,Foundation (Position 50+ / Unranked),"Set unique, keyword-rich title tags (<60 chars)","Set unique, keyword-rich title tags (<60 chars)
Write compelling meta descriptions (150–160 chars)
Add proper heading hierarchy (H1 → H2 → H3)
Ensure page is indexable (no noindex, no canonical issues)
Add Open Graph and Twitter card meta tags"
https://simplyenak.com/de/stories/what-to-eat-kuala-lumpur-first-time,blog,blog:what-to-eat-kuala-lumpur-first-time,0.5,55,1,Foundation (Position 50+ / Unranked),"Set unique, keyword-rich title tags (<60 chars)","Set unique, keyword-rich title tags (<60 chars)
Write compelling meta descriptions (150–160 chars)
Add proper heading hierarchy (H1 → H2 → H3)
Ensure page is indexable (no noindex, no canonical issues)
Add Open Graph and Twitter card meta tags"
https://simplyenak.com/es/stories/borneo-indigenous-food-culture,blog,blog:borneo-indigenous-food-culture,0.5,55,1,Foundation (Position 50+ / Unranked),"Set unique, keyword-rich title tags (<60 chars)","Set unique, keyword-rich title tags (<60 chars)
Write compelling meta descriptions (150–160 chars)
Add proper heading hierarchy (H1 → H2 → H3)
Ensure page is indexable (no noindex, no canonical issues)
Add Open Graph and Twitter card meta tags"
https://simplyenak.com/es/stories/durian-guide-2026,blog,blog:durian-guide-2026,0.5,55,1,Foundation (Position 50+ / Unranked),"Set unique, keyword-rich title tags (<60 chars)","Set unique, keyword-rich title tags (<60 chars)
Write compelling meta descriptions (150–160 chars)
Add proper heading hierarchy (H1 → H2 → H3)
Ensure page is indexable (no noindex, no canonical issues)
Add Open Graph and Twitter card meta tags"
https://simplyenak.com/es/stories/johor-bahru-local-food-guide,blog,blog:johor-bahru-local-food-guide,0.5,55,1,Foundation (Position 50+ / Unranked),"Set unique, keyword-rich title tags (<60 chars)","Set unique, keyword-rich title tags (<60 chars)
Write compelling meta descriptions (150–160 chars)
Add proper heading hierarchy (H1 → H2 → H3)
Ensure page is indexable (no noindex, no canonical issues)
Add Open Graph and Twitter card meta tags"
https://simplyenak.com/es/stories/malaysia-durian-guide,blog,blog:malaysia-durian-guide,0.5,55,1,Foundation (Position 50+ / Unranked),"Set unique, keyword-rich title tags (<60 chars)","Set unique, keyword-rich title tags (<60 chars)
Write compelling meta descriptions (150–160 chars)
Add proper heading hierarchy (H1 → H2 → H3)
Ensure page is indexable (no noindex, no canonical issues)
Add Open Graph and Twitter card meta tags"
https://simplyenak.com/es/stories/malaysia-food-guide-first-time-visitors,blog,blog:malaysia-food-guide-first-time-visitors,0.5,55,1,Foundation (Position 50+ / Unranked),"Set unique, keyword-rich title tags (<60 chars)","Set unique, keyword-rich title tags (<60 chars)
Write compelling meta descriptions (150–160 chars)
Add proper heading hierarchy (H1 → H2 → H3)
Ensure page is indexable (no noindex, no canonical issues)
Add Open Graph and Twitter card meta tags"
https://simplyenak.com/es/stories/malaysian-chefs-local-cuisine,blog,blog:malaysian-chefs-local-cuisine,0.5,55,1,Foundation (Position 50+ / Unranked),"Set unique, keyword-rich title tags (<60 chars)","Set unique, keyword-rich title tags (<60 chars)
Write compelling meta descriptions (150–160 chars)
Add proper heading hierarchy (H1 → H2 → H3)
Ensure page is indexable (no noindex, no canonical issues)
Add Open Graph and Twitter card meta tags"
https://simplyenak.com/es/stories/malaysian-egg-dishes-cooking-methods,blog,blog:malaysian-egg-dishes-cooking-methods,0.5,55,1,Foundation (Position 50+ / Unranked),"Set unique, keyword-rich title tags (<60 chars)","Set unique, keyword-rich title tags (<60 chars)
Write compelling meta descriptions (150–160 chars)
Add proper heading hierarchy (H1 → H2 → H3)
Ensure page is indexable (no noindex, no canonical issues)
Add Open Graph and Twitter card meta tags"
https://simplyenak.com/es/stories/malaysian-kueh-sweets-guide,blog,blog:malaysian-kueh-sweets-guide,0.5,55,1,Foundation (Position 50+ / Unranked),"Set unique, keyword-rich title tags (<60 chars)","Set unique, keyword-rich title tags (<60 chars)
Write compelling meta descriptions (150–160 chars)
Add proper heading hierarchy (H1 → H2 → H3)
Ensure page is indexable (no noindex, no canonical issues)
Add Open Graph and Twitter card meta tags"
https://simplyenak.com/es/stories/nyonya-cuisine-cultural-symbolism,blog,blog:nyonya-cuisine-cultural-symbolism,0.5,55,1,Foundation (Position 50+ / Unranked),"Set unique, keyword-rich title tags (<60 chars)","Set unique, keyword-rich title tags (<60 chars)
Write compelling meta descriptions (150–160 chars)
Add proper heading hierarchy (H1 → H2 → H3)
Ensure page is indexable (no noindex, no canonical issues)
Add Open Graph and Twitter card meta tags"
https://simplyenak.com/es/stories/traditional-pahang-food,blog,blog:traditional-pahang-food,0.5,55,1,Foundation (Position 50+ / Unranked),"Set unique, keyword-rich title tags (<60 chars)","Set unique, keyword-rich title tags (<60 chars)
Write compelling meta descriptions (150–160 chars)
Add proper heading hierarchy (H1 → H2 → H3)
Ensure page is indexable (no noindex, no canonical issues)
Add Open Graph and Twitter card meta tags"
https://simplyenak.com/es/stories/what-to-eat-kuala-lumpur-first-time,blog,blog:what-to-eat-kuala-lumpur-first-time,0.5,55,1,Foundation (Position 50+ / Unranked),"Set unique, keyword-rich title tags (<60 chars)","Set unique, keyword-rich title tags (<60 chars)
Write compelling meta descriptions (150–160 chars)
Add proper heading hierarchy (H1 → H2 → H3)
Ensure page is indexable (no noindex, no canonical issues)
Add Open Graph and Twitter card meta tags"
https://simplyenak.com/fr/stories/borneo-indigenous-food-culture,blog,blog:borneo-indigenous-food-culture,0.5,55,1,Foundation (Position 50+ / Unranked),"Set unique, keyword-rich title tags (<60 chars)","Set unique, keyword-rich title tags (<60 chars)
Write compelling meta descriptions (150–160 chars)
Add proper heading hierarchy (H1 → H2 → H3)
Ensure page is indexable (no noindex, no canonical issues)
Add Open Graph and Twitter card meta tags"
https://simplyenak.com/fr/stories/durian-guide-2026,blog,blog:durian-guide-2026,0.5,55,1,Foundation (Position 50+ / Unranked),"Set unique, keyword-rich title tags (<60 chars)","Set unique, keyword-rich title tags (<60 chars)
Write compelling meta descriptions (150–160 chars)
Add proper heading hierarchy (H1 → H2 → H3)
Ensure page is indexable (no noindex, no canonical issues)
Add Open Graph and Twitter card meta tags"
https://simplyenak.com/fr/stories/johor-bahru-local-food-guide,blog,blog:johor-bahru-local-food-guide,0.5,55,1,Foundation (Position 50+ / Unranked),"Set unique, keyword-rich title tags (<60 chars)","Set unique, keyword-rich title tags (<60 chars)
Write compelling meta descriptions (150–160 chars)
Add proper heading hierarchy (H1 → H2 → H3)
Ensure page is indexable (no noindex, no canonical issues)
Add Open Graph and Twitter card meta tags"
https://simplyenak.com/fr/stories/malaysia-durian-guide,blog,blog:malaysia-durian-guide,0.5,55,1,Foundation (Position 50+ / Unranked),"Set unique, keyword-rich title tags (<60 chars)","Set unique, keyword-rich title tags (<60 chars)
Write compelling meta descriptions (150–160 chars)
Add proper heading hierarchy (H1 → H2 → H3)
Ensure page is indexable (no noindex, no canonical issues)
Add Open Graph and Twitter card meta tags"
https://simplyenak.com/fr/stories/malaysia-food-guide-first-time-visitors,blog,blog:malaysia-food-guide-first-time-visitors,0.5,55,1,Foundation (Position 50+ / Unranked),"Set unique, keyword-rich title tags (<60 chars)","Set unique, keyword-rich title tags (<60 chars)
Write compelling meta descriptions (150–160 chars)
Add proper heading hierarchy (H1 → H2 → H3)
Ensure page is indexable (no noindex, no canonical issues)
Add Open Graph and Twitter card meta tags"
https://simplyenak.com/fr/stories/malaysian-chefs-local-cuisine,blog,blog:malaysian-chefs-local-cuisine,0.5,55,1,Foundation (Position 50+ / Unranked),"Set unique, keyword-rich title tags (<60 chars)","Set unique, keyword-rich title tags (<60 chars)
Write compelling meta descriptions (150–160 chars)
Add proper heading hierarchy (H1 → H2 → H3)
Ensure page is indexable (no noindex, no canonical issues)
Add Open Graph and Twitter card meta tags"
https://simplyenak.com/fr/stories/malaysian-egg-dishes-cooking-methods,blog,blog:malaysian-egg-dishes-cooking-methods,0.5,55,1,Foundation (Position 50+ / Unranked),"Set unique, keyword-rich title tags (<60 chars)","Set unique, keyword-rich title tags (<60 chars)
Write compelling meta descriptions (150–160 chars)
Add proper heading hierarchy (H1 → H2 → H3)
Ensure page is indexable (no noindex, no canonical issues)
Add Open Graph and Twitter card meta tags"
https://simplyenak.com/fr/stories/malaysian-kueh-sweets-guide,blog,blog:malaysian-kueh-sweets-guide,0.5,55,1,Foundation (Position 50+ / Unranked),"Set unique, keyword-rich title tags (<60 chars)","Set unique, keyword-rich title tags (<60 chars)
Write compelling meta descriptions (150–160 chars)
Add proper heading hierarchy (H1 → H2 → H3)
Ensure page is indexable (no noindex, no canonical issues)
Add Open Graph and Twitter card meta tags"
https://simplyenak.com/fr/stories/nyonya-cuisine-cultural-symbolism,blog,blog:nyonya-cuisine-cultural-symbolism,0.5,55,1,Foundation (Position 50+ / Unranked),"Set unique, keyword-rich title tags (<60 chars)","Set unique, keyword-rich title tags (<60 chars)
Write compelling meta descriptions (150–160 chars)
Add proper heading hierarchy (H1 → H2 → H3)
Ensure page is indexable (no noindex, no canonical issues)
Add Open Graph and Twitter card meta tags"
https://simplyenak.com/fr/stories/traditional-pahang-food,blog,blog:traditional-pahang-food,0.5,55,1,Foundation (Position 50+ / Unranked),"Set unique, keyword-rich title tags (<60 chars)","Set unique, keyword-rich title tags (<60 chars)
Write compelling meta descriptions (150–160 chars)
Add proper heading hierarchy (H1 → H2 → H3)
Ensure page is indexable (no noindex, no canonical issues)
Add Open Graph and Twitter card meta tags"
https://simplyenak.com/fr/stories/what-to-eat-kuala-lumpur-first-time,blog,blog:what-to-eat-kuala-lumpur-first-time,0.5,55,1,Foundation (Position 50+ / Unranked),"Set unique, keyword-rich title tags (<60 chars)","Set unique, keyword-rich title tags (<60 chars)
Write compelling meta descriptions (150–160 chars)
Add proper heading hierarchy (H1 → H2 → H3)
Ensure page is indexable (no noindex, no canonical issues)
Add Open Graph and Twitter card meta tags"
https://simplyenak.com/ja/stories/borneo-indigenous-food-culture,blog,blog:borneo-indigenous-food-culture,0.5,55,1,Foundation (Position 50+ / Unranked),"Set unique, keyword-rich title tags (<60 chars)","Set unique, keyword-rich title tags (<60 chars)
Write compelling meta descriptions (150–160 chars)
Add proper heading hierarchy (H1 → H2 → H3)
Ensure page is indexable (no noindex, no canonical issues)
Add Open Graph and Twitter card meta tags"
https://simplyenak.com/ja/stories/durian-guide-2026,blog,blog:durian-guide-2026,0.5,55,1,Foundation (Position 50+ / Unranked),"Set unique, keyword-rich title tags (<60 chars)","Set unique, keyword-rich title tags (<60 chars)
Write compelling meta descriptions (150–160 chars)
Add proper heading hierarchy (H1 → H2 → H3)
Ensure page is indexable (no noindex, no canonical issues)
Add Open Graph and Twitter card meta tags"
https://simplyenak.com/ja/stories/johor-bahru-local-food-guide,blog,blog:johor-bahru-local-food-guide,0.5,55,1,Foundation (Position 50+ / Unranked),"Set unique, keyword-rich title tags (<60 chars)","Set unique, keyword-rich title tags (<60 chars)
Write compelling meta descriptions (150–160 chars)
Add proper heading hierarchy (H1 → H2 → H3)
Ensure page is indexable (no noindex, no canonical issues)
Add Open Graph and Twitter card meta tags"
https://simplyenak.com/ja/stories/malaysia-durian-guide,blog,blog:malaysia-durian-guide,0.5,55,1,Foundation (Position 50+ / Unranked),"Set unique, keyword-rich title tags (<60 chars)","Set unique, keyword-rich title tags (<60 chars)
Write compelling meta descriptions (150–160 chars)
Add proper heading hierarchy (H1 → H2 → H3)
Ensure page is indexable (no noindex, no canonical issues)
Add Open Graph and Twitter card meta tags"
https://simplyenak.com/ja/stories/malaysia-food-guide-first-time-visitors,blog,blog:malaysia-food-guide-first-time-visitors,0.5,55,1,Foundation (Position 50+ / Unranked),"Set unique, keyword-rich title tags (<60 chars)","Set unique, keyword-rich title tags (<60 chars)
Write compelling meta descriptions (150–160 chars)
Add proper heading hierarchy (H1 → H2 → H3)
Ensure page is indexable (no noindex, no canonical issues)
Add Open Graph and Twitter card meta tags"
https://simplyenak.com/ja/stories/malaysian-chefs-local-cuisine,blog,blog:malaysian-chefs-local-cuisine,0.5,55,1,Foundation (Position 50+ / Unranked),"Set unique, keyword-rich title tags (<60 chars)","Set unique, keyword-rich title tags (<60 chars)
Write compelling meta descriptions (150–160 chars)
Add proper heading hierarchy (H1 → H2 → H3)
Ensure page is indexable (no noindex, no canonical issues)
Add Open Graph and Twitter card meta tags"
https://simplyenak.com/ja/stories/malaysian-egg-dishes-cooking-methods,blog,blog:malaysian-egg-dishes-cooking-methods,0.5,55,1,Foundation (Position 50+ / Unranked),"Set unique, keyword-rich title tags (<60 chars)","Set unique, keyword-rich title tags (<60 chars)
Write compelling meta descriptions (150–160 chars)
Add proper heading hierarchy (H1 → H2 → H3)
Ensure page is indexable (no noindex, no canonical issues)
Add Open Graph and Twitter card meta tags"
https://simplyenak.com/ja/stories/malaysian-kueh-sweets-guide,blog,blog:malaysian-kueh-sweets-guide,0.5,55,1,Foundation (Position 50+ / Unranked),"Set unique, keyword-rich title tags (<60 chars)","Set unique, keyword-rich title tags (<60 chars)
Write compelling meta descriptions (150–160 chars)
Add proper heading hierarchy (H1 → H2 → H3)
Ensure page is indexable (no noindex, no canonical issues)
Add Open Graph and Twitter card meta tags"
https://simplyenak.com/ja/stories/nyonya-cuisine-cultural-symbolism,blog,blog:nyonya-cuisine-cultural-symbolism,0.5,55,1,Foundation (Position 50+ / Unranked),"Set unique, keyword-rich title tags (<60 chars)","Set unique, keyword-rich title tags (<60 chars)
Write compelling meta descriptions (150–160 chars)
Add proper heading hierarchy (H1 → H2 → H3)
Ensure page is indexable (no noindex, no canonical issues)
Add Open Graph and Twitter card meta tags"
https://simplyenak.com/ja/stories/traditional-pahang-food,blog,blog:traditional-pahang-food,0.5,55,1,Foundation (Position 50+ / Unranked),"Set unique, keyword-rich title tags (<60 chars)","Set unique, keyword-rich title tags (<60 chars)
Write compelling meta descriptions (150–160 chars)
Add proper heading hierarchy (H1 → H2 → H3)
Ensure page is indexable (no noindex, no canonical issues)
Add Open Graph and Twitter card meta tags"
https://simplyenak.com/ja/stories/what-to-eat-kuala-lumpur-first-time,blog,blog:what-to-eat-kuala-lumpur-first-time,0.5,55,1,Foundation (Position 50+ / Unranked),"Set unique, keyword-rich title tags (<60 chars)","Set unique, keyword-rich title tags (<60 chars)
Write compelling meta descriptions (150–160 chars)
Add proper heading hierarchy (H1 → H2 → H3)
Ensure page is indexable (no noindex, no canonical issues)
Add Open Graph and Twitter card meta tags"
https://simplyenak.com/ms/stories/borneo-indigenous-food-culture,blog,blog:borneo-indigenous-food-culture,0.5,55,1,Foundation (Position 50+ / Unranked),"Set unique, keyword-rich title tags (<60 chars)","Set unique, keyword-rich title tags (<60 chars)
Write compelling meta descriptions (150–160 chars)
Add proper heading hierarchy (H1 → H2 → H3)
Ensure page is indexable (no noindex, no canonical issues)
Add Open Graph and Twitter card meta tags"
https://simplyenak.com/ms/stories/durian-guide-2026,blog,blog:durian-guide-2026,0.5,55,1,Foundation (Position 50+ / Unranked),"Set unique, keyword-rich title tags (<60 chars)","Set unique, keyword-rich title tags (<60 chars)
Write compelling meta descriptions (150–160 chars)
Add proper heading hierarchy (H1 → H2 → H3)
Ensure page is indexable (no noindex, no canonical issues)
Add Open Graph and Twitter card meta tags"
https://simplyenak.com/ms/stories/johor-bahru-local-food-guide,blog,blog:johor-bahru-local-food-guide,0.5,55,1,Foundation (Position 50+ / Unranked),"Set unique, keyword-rich title tags (<60 chars)","Set unique, keyword-rich title tags (<60 chars)
Write compelling meta descriptions (150–160 chars)
Add proper heading hierarchy (H1 → H2 → H3)
Ensure page is indexable (no noindex, no canonical issues)
Add Open Graph and Twitter card meta tags"
https://simplyenak.com/ms/stories/malaysia-durian-guide,blog,blog:malaysia-durian-guide,0.5,55,1,Foundation (Position 50+ / Unranked),"Set unique, keyword-rich title tags (<60 chars)","Set unique, keyword-rich title tags (<60 chars)
Write compelling meta descriptions (150–160 chars)
Add proper heading hierarchy (H1 → H2 → H3)
Ensure page is indexable (no noindex, no canonical issues)
Add Open Graph and Twitter card meta tags"
https://simplyenak.com/ms/stories/malaysia-food-guide-first-time-visitors,blog,blog:malaysia-food-guide-first-time-visitors,0.5,55,1,Foundation (Position 50+ / Unranked),"Set unique, keyword-rich title tags (<60 chars)","Set unique, keyword-rich title tags (<60 chars)
Write compelling meta descriptions (150–160 chars)
Add proper heading hierarchy (H1 → H2 → H3)
Ensure page is indexable (no noindex, no canonical issues)
Add Open Graph and Twitter card meta tags"
https://simplyenak.com/ms/stories/malaysian-chefs-local-cuisine,blog,blog:malaysian-chefs-local-cuisine,0.5,55,1,Foundation (Position 50+ / Unranked),"Set unique, keyword-rich title tags (<60 chars)","Set unique, keyword-rich title tags (<60 chars)
Write compelling meta descriptions (150–160 chars)
Add proper heading hierarchy (H1 → H2 → H3)
Ensure page is indexable (no noindex, no canonical issues)
Add Open Graph and Twitter card meta tags"
https://simplyenak.com/ms/stories/malaysian-egg-dishes-cooking-methods,blog,blog:malaysian-egg-dishes-cooking-methods,0.5,55,1,Foundation (Position 50+ / Unranked),"Set unique, keyword-rich title tags (<60 chars)","Set unique, keyword-rich title tags (<60 chars)
Write compelling meta descriptions (150–160 chars)
Add proper heading hierarchy (H1 → H2 → H3)
Ensure page is indexable (no noindex, no canonical issues)
Add Open Graph and Twitter card meta tags"
https://simplyenak.com/ms/stories/malaysian-kueh-sweets-guide,blog,blog:malaysian-kueh-sweets-guide,0.5,55,1,Foundation (Position 50+ / Unranked),"Set unique, keyword-rich title tags (<60 chars)","Set unique, keyword-rich title tags (<60 chars)
Write compelling meta descriptions (150–160 chars)
Add proper heading hierarchy (H1 → H2 → H3)
Ensure page is indexable (no noindex, no canonical issues)
Add Open Graph and Twitter card meta tags"
https://simplyenak.com/ms/stories/nyonya-cuisine-cultural-symbolism,blog,blog:nyonya-cuisine-cultural-symbolism,0.5,55,1,Foundation (Position 50+ / Unranked),"Set unique, keyword-rich title tags (<60 chars)","Set unique, keyword-rich title tags (<60 chars)
Write compelling meta descriptions (150–160 chars)
Add proper heading hierarchy (H1 → H2 → H3)
Ensure page is indexable (no noindex, no canonical issues)
Add Open Graph and Twitter card meta tags"
https://simplyenak.com/ms/stories/traditional-pahang-food,blog,blog:traditional-pahang-food,0.5,55,1,Foundation (Position 50+ / Unranked),"Set unique, keyword-rich title tags (<60 chars)","Set unique, keyword-rich title tags (<60 chars)
Write compelling meta descriptions (150–160 chars)
Add proper heading hierarchy (H1 → H2 → H3)
Ensure page is indexable (no noindex, no canonical issues)
Add Open Graph and Twitter card meta tags"
https://simplyenak.com/ms/stories/what-to-eat-kuala-lumpur-first-time,blog,blog:what-to-eat-kuala-lumpur-first-time,0.5,55,1,Foundation (Position 50+ / Unranked),"Set unique, keyword-rich title tags (<60 chars)","Set unique, keyword-rich title tags (<60 chars)
Write compelling meta descriptions (150–160 chars)
Add proper heading hierarchy (H1 → H2 → H3)
Ensure page is indexable (no noindex, no canonical issues)
Add Open Graph and Twitter card meta tags"
https://simplyenak.com/nl/stories/borneo-indigenous-food-culture,blog,blog:borneo-indigenous-food-culture,0.5,55,1,Foundation (Position 50+ / Unranked),"Set unique, keyword-rich title tags (<60 chars)","Set unique, keyword-rich title tags (<60 chars)
Write compelling meta descriptions (150–160 chars)
Add proper heading hierarchy (H1 → H2 → H3)
Ensure page is indexable (no noindex, no canonical issues)
Add Open Graph and Twitter card meta tags"
https://simplyenak.com/nl/stories/durian-guide-2026,blog,blog:durian-guide-2026,0.5,55,1,Foundation (Position 50+ / Unranked),"Set unique, keyword-rich title tags (<60 chars)","Set unique, keyword-rich title tags (<60 chars)
Write compelling meta descriptions (150–160 chars)
Add proper heading hierarchy (H1 → H2 → H3)
Ensure page is indexable (no noindex, no canonical issues)
Add Open Graph and Twitter card meta tags"
https://simplyenak.com/nl/stories/johor-bahru-local-food-guide,blog,blog:johor-bahru-local-food-guide,0.5,55,1,Foundation (Position 50+ / Unranked),"Set unique, keyword-rich title tags (<60 chars)","Set unique, keyword-rich title tags (<60 chars)
Write compelling meta descriptions (150–160 chars)
Add proper heading hierarchy (H1 → H2 → H3)
Ensure page is indexable (no noindex, no canonical issues)
Add Open Graph and Twitter card meta tags"
https://simplyenak.com/nl/stories/malaysia-durian-guide,blog,blog:malaysia-durian-guide,0.5,55,1,Foundation (Position 50+ / Unranked),"Set unique, keyword-rich title tags (<60 chars)","Set unique, keyword-rich title tags (<60 chars)
Write compelling meta descriptions (150–160 chars)
Add proper heading hierarchy (H1 → H2 → H3)
Ensure page is indexable (no noindex, no canonical issues)
Add Open Graph and Twitter card meta tags"
https://simplyenak.com/nl/stories/malaysia-food-guide-first-time-visitors,blog,blog:malaysia-food-guide-first-time-visitors,0.5,55,1,Foundation (Position 50+ / Unranked),"Set unique, keyword-rich title tags (<60 chars)","Set unique, keyword-rich title tags (<60 chars)
Write compelling meta descriptions (150–160 chars)
Add proper heading hierarchy (H1 → H2 → H3)
Ensure page is indexable (no noindex, no canonical issues)
Add Open Graph and Twitter card meta tags"
https://simplyenak.com/nl/stories/malaysian-chefs-local-cuisine,blog,blog:malaysian-chefs-local-cuisine,0.5,55,1,Foundation (Position 50+ / Unranked),"Set unique, keyword-rich title tags (<60 chars)","Set unique, keyword-rich title tags (<60 chars)
Write compelling meta descriptions (150–160 chars)
Add proper heading hierarchy (H1 → H2 → H3)
Ensure page is indexable (no noindex, no canonical issues)
Add Open Graph and Twitter card meta tags"
https://simplyenak.com/nl/stories/malaysian-egg-dishes-cooking-methods,blog,blog:malaysian-egg-dishes-cooking-methods,0.5,55,1,Foundation (Position 50+ / Unranked),"Set unique, keyword-rich title tags (<60 chars)","Set unique, keyword-rich title tags (<60 chars)
Write compelling meta descriptions (150–160 chars)
Add proper heading hierarchy (H1 → H2 → H3)
Ensure page is indexable (no noindex, no canonical issues)
Add Open Graph and Twitter card meta tags"
https://simplyenak.com/nl/stories/malaysian-kueh-sweets-guide,blog,blog:malaysian-kueh-sweets-guide,0.5,55,1,Foundation (Position 50+ / Unranked),"Set unique, keyword-rich title tags (<60 chars)","Set unique, keyword-rich title tags (<60 chars)
Write compelling meta descriptions (150–160 chars)
Add proper heading hierarchy (H1 → H2 → H3)
Ensure page is indexable (no noindex, no canonical issues)
Add Open Graph and Twitter card meta tags"
https://simplyenak.com/nl/stories/nyonya-cuisine-cultural-symbolism,blog,blog:nyonya-cuisine-cultural-symbolism,0.5,55,1,Foundation (Position 50+ / Unranked),"Set unique, keyword-rich title tags (<60 chars)","Set unique, keyword-rich title tags (<60 chars)
Write compelling meta descriptions (150–160 chars)
Add proper heading hierarchy (H1 → H2 → H3)
Ensure page is indexable (no noindex, no canonical issues)
Add Open Graph and Twitter card meta tags"
https://simplyenak.com/nl/stories/traditional-pahang-food,blog,blog:traditional-pahang-food,0.5,55,1,Foundation (Position 50+ / Unranked),"Set unique, keyword-rich title tags (<60 chars)","Set unique, keyword-rich title tags (<60 chars)
Write compelling meta descriptions (150–160 chars)
Add proper heading hierarchy (H1 → H2 → H3)
Ensure page is indexable (no noindex, no canonical issues)
Add Open Graph and Twitter card meta tags"
https://simplyenak.com/nl/stories/what-to-eat-kuala-lumpur-first-time,blog,blog:what-to-eat-kuala-lumpur-first-time,0.5,55,1,Foundation (Position 50+ / Unranked),"Set unique, keyword-rich title tags (<60 chars)","Set unique, keyword-rich title tags (<60 chars)
Write compelling meta descriptions (150–160 chars)
Add proper heading hierarchy (H1 → H2 → H3)
Ensure page is indexable (no noindex, no canonical issues)
Add Open Graph and Twitter card meta tags"
https://simplyenak.com/pt/stories/borneo-indigenous-food-culture,blog,blog:borneo-indigenous-food-culture,0.5,55,1,Foundation (Position 50+ / Unranked),"Set unique, keyword-rich title tags (<60 chars)","Set unique, keyword-rich title tags (<60 chars)
Write compelling meta descriptions (150–160 chars)
Add proper heading hierarchy (H1 → H2 → H3)
Ensure page is indexable (no noindex, no canonical issues)
Add Open Graph and Twitter card meta tags"
https://simplyenak.com/pt/stories/durian-guide-2026,blog,blog:durian-guide-2026,0.5,55,1,Foundation (Position 50+ / Unranked),"Set unique, keyword-rich title tags (<60 chars)","Set unique, keyword-rich title tags (<60 chars)
Write compelling meta descriptions (150–160 chars)
Add proper heading hierarchy (H1 → H2 → H3)
Ensure page is indexable (no noindex, no canonical issues)
Add Open Graph and Twitter card meta tags"
https://simplyenak.com/pt/stories/johor-bahru-local-food-guide,blog,blog:johor-bahru-local-food-guide,0.5,55,1,Foundation (Position 50+ / Unranked),"Set unique, keyword-rich title tags (<60 chars)","Set unique, keyword-rich title tags (<60 chars)
Write compelling meta descriptions (150–160 chars)
Add proper heading hierarchy (H1 → H2 → H3)
Ensure page is indexable (no noindex, no canonical issues)
Add Open Graph and Twitter card meta tags"
https://simplyenak.com/pt/stories/malaysia-durian-guide,blog,blog:malaysia-durian-guide,0.5,55,1,Foundation (Position 50+ / Unranked),"Set unique, keyword-rich title tags (<60 chars)","Set unique, keyword-rich title tags (<60 chars)
Write compelling meta descriptions (150–160 chars)
Add proper heading hierarchy (H1 → H2 → H3)
Ensure page is indexable (no noindex, no canonical issues)
Add Open Graph and Twitter card meta tags"
https://simplyenak.com/pt/stories/malaysia-food-guide-first-time-visitors,blog,blog:malaysia-food-guide-first-time-visitors,0.5,55,1,Foundation (Position 50+ / Unranked),"Set unique, keyword-rich title tags (<60 chars)","Set unique, keyword-rich title tags (<60 chars)
Write compelling meta descriptions (150–160 chars)
Add proper heading hierarchy (H1 → H2 → H3)
Ensure page is indexable (no noindex, no canonical issues)
Add Open Graph and Twitter card meta tags"
https://simplyenak.com/pt/stories/malaysian-chefs-local-cuisine,blog,blog:malaysian-chefs-local-cuisine,0.5,55,1,Foundation (Position 50+ / Unranked),"Set unique, keyword-rich title tags (<60 chars)","Set unique, keyword-rich title tags (<60 chars)
Write compelling meta descriptions (150–160 chars)
Add proper heading hierarchy (H1 → H2 → H3)
Ensure page is indexable (no noindex, no canonical issues)
Add Open Graph and Twitter card meta tags"
https://simplyenak.com/pt/stories/malaysian-egg-dishes-cooking-methods,blog,blog:malaysian-egg-dishes-cooking-methods,0.5,55,1,Foundation (Position 50+ / Unranked),"Set unique, keyword-rich title tags (<60 chars)","Set unique, keyword-rich title tags (<60 chars)
Write compelling meta descriptions (150–160 chars)
Add proper heading hierarchy (H1 → H2 → H3)
Ensure page is indexable (no noindex, no canonical issues)
Add Open Graph and Twitter card meta tags"
https://simplyenak.com/pt/stories/malaysian-kueh-sweets-guide,blog,blog:malaysian-kueh-sweets-guide,0.5,55,1,Foundation (Position 50+ / Unranked),"Set unique, keyword-rich title tags (<60 chars)","Set unique, keyword-rich title tags (<60 chars)
Write compelling meta descriptions (150–160 chars)
Add proper heading hierarchy (H1 → H2 → H3)
Ensure page is indexable (no noindex, no canonical issues)
Add Open Graph and Twitter card meta tags"
https://simplyenak.com/pt/stories/nyonya-cuisine-cultural-symbolism,blog,blog:nyonya-cuisine-cultural-symbolism,0.5,55,1,Foundation (Position 50+ / Unranked),"Set unique, keyword-rich title tags (<60 chars)","Set unique, keyword-rich title tags (<60 chars)
Write compelling meta descriptions (150–160 chars)
Add proper heading hierarchy (H1 → H2 → H3)
Ensure page is indexable (no noindex, no canonical issues)
Add Open Graph and Twitter card meta tags"
https://simplyenak.com/pt/stories/traditional-pahang-food,blog,blog:traditional-pahang-food,0.5,55,1,Foundation (Position 50+ / Unranked),"Set unique, keyword-rich title tags (<60 chars)","Set unique, keyword-rich title tags (<60 chars)
Write compelling meta descriptions (150–160 chars)
Add proper heading hierarchy (H1 → H2 → H3)
Ensure page is indexable (no noindex, no canonical issues)
Add Open Graph and Twitter card meta tags"
https://simplyenak.com/pt/stories/what-to-eat-kuala-lumpur-first-time,blog,blog:what-to-eat-kuala-lumpur-first-time,0.5,55,1,Foundation (Position 50+ / Unranked),"Set unique, keyword-rich title tags (<60 chars)","Set unique, keyword-rich title tags (<60 chars)
Write compelling meta descriptions (150–160 chars)
Add proper heading hierarchy (H1 → H2 → H3)
Ensure page is indexable (no noindex, no canonical issues)
Add Open Graph and Twitter card meta tags"
https://simplyenak.com/ru/stories/borneo-indigenous-food-culture,blog,blog:borneo-indigenous-food-culture,0.5,55,1,Foundation (Position 50+ / Unranked),"Set unique, keyword-rich title tags (<60 chars)","Set unique, keyword-rich title tags (<60 chars)
Write compelling meta descriptions (150–160 chars)
Add proper heading hierarchy (H1 → H2 → H3)
Ensure page is indexable (no noindex, no canonical issues)
Add Open Graph and Twitter card meta tags"
https://simplyenak.com/ru/stories/durian-guide-2026,blog,blog:durian-guide-2026,0.5,55,1,Foundation (Position 50+ / Unranked),"Set unique, keyword-rich title tags (<60 chars)","Set unique, keyword-rich title tags (<60 chars)
Write compelling meta descriptions (150–160 chars)
Add proper heading hierarchy (H1 → H2 → H3)
Ensure page is indexable (no noindex, no canonical issues)
Add Open Graph and Twitter card meta tags"
https://simplyenak.com/ru/stories/johor-bahru-local-food-guide,blog,blog:johor-bahru-local-food-guide,0.5,55,1,Foundation (Position 50+ / Unranked),"Set unique, keyword-rich title tags (<60 chars)","Set unique, keyword-rich title tags (<60 chars)
Write compelling meta descriptions (150–160 chars)
Add proper heading hierarchy (H1 → H2 → H3)
Ensure page is indexable (no noindex, no canonical issues)
Add Open Graph and Twitter card meta tags"
https://simplyenak.com/ru/stories/malaysia-durian-guide,blog,blog:malaysia-durian-guide,0.5,55,1,Foundation (Position 50+ / Unranked),"Set unique, keyword-rich title tags (<60 chars)","Set unique, keyword-rich title tags (<60 chars)
Write compelling meta descriptions (150–160 chars)
Add proper heading hierarchy (H1 → H2 → H3)
Ensure page is indexable (no noindex, no canonical issues)
Add Open Graph and Twitter card meta tags"
https://simplyenak.com/ru/stories/malaysia-food-guide-first-time-visitors,blog,blog:malaysia-food-guide-first-time-visitors,0.5,55,1,Foundation (Position 50+ / Unranked),"Set unique, keyword-rich title tags (<60 chars)","Set unique, keyword-rich title tags (<60 chars)
Write compelling meta descriptions (150–160 chars)
Add proper heading hierarchy (H1 → H2 → H3)
Ensure page is indexable (no noindex, no canonical issues)
Add Open Graph and Twitter card meta tags"
https://simplyenak.com/ru/stories/malaysian-chefs-local-cuisine,blog,blog:malaysian-chefs-local-cuisine,0.5,55,1,Foundation (Position 50+ / Unranked),"Set unique, keyword-rich title tags (<60 chars)","Set unique, keyword-rich title tags (<60 chars)
Write compelling meta descriptions (150–160 chars)
Add proper heading hierarchy (H1 → H2 → H3)
Ensure page is indexable (no noindex, no canonical issues)
Add Open Graph and Twitter card meta tags"
https://simplyenak.com/ru/stories/malaysian-egg-dishes-cooking-methods,blog,blog:malaysian-egg-dishes-cooking-methods,0.5,55,1,Foundation (Position 50+ / Unranked),"Set unique, keyword-rich title tags (<60 chars)","Set unique, keyword-rich title tags (<60 chars)
Write compelling meta descriptions (150–160 chars)
Add proper heading hierarchy (H1 → H2 → H3)
Ensure page is indexable (no noindex, no canonical issues)
Add Open Graph and Twitter card meta tags"
https://simplyenak.com/ru/stories/malaysian-kueh-sweets-guide,blog,blog:malaysian-kueh-sweets-guide,0.5,55,1,Foundation (Position 50+ / Unranked),"Set unique, keyword-rich title tags (<60 chars)","Set unique, keyword-rich title tags (<60 chars)
Write compelling meta descriptions (150–160 chars)
Add proper heading hierarchy (H1 → H2 → H3)
Ensure page is indexable (no noindex, no canonical issues)
Add Open Graph and Twitter card meta tags"
https://simplyenak.com/ru/stories/nyonya-cuisine-cultural-symbolism,blog,blog:nyonya-cuisine-cultural-symbolism,0.5,55,1,Foundation (Position 50+ / Unranked),"Set unique, keyword-rich title tags (<60 chars)","Set unique, keyword-rich title tags (<60 chars)
Write compelling meta descriptions (150–160 chars)
Add proper heading hierarchy (H1 → H2 → H3)
Ensure page is indexable (no noindex, no canonical issues)
Add Open Graph and Twitter card meta tags"
https://simplyenak.com/ru/stories/traditional-pahang-food,blog,blog:traditional-pahang-food,0.5,55,1,Foundation (Position 50+ / Unranked),"Set unique, keyword-rich title tags (<60 chars)","Set unique, keyword-rich title tags (<60 chars)
Write compelling meta descriptions (150–160 chars)
Add proper heading hierarchy (H1 → H2 → H3)
Ensure page is indexable (no noindex, no canonical issues)
Add Open Graph and Twitter card meta tags"
https://simplyenak.com/ru/stories/what-to-eat-kuala-lumpur-first-time,blog,blog:what-to-eat-kuala-lumpur-first-time,0.5,55,1,Foundation (Position 50+ / Unranked),"Set unique, keyword-rich title tags (<60 chars)","Set unique, keyword-rich title tags (<60 chars)
Write compelling meta descriptions (150–160 chars)
Add proper heading hierarchy (H1 → H2 → H3)
Ensure page is indexable (no noindex, no canonical issues)
Add Open Graph and Twitter card meta tags"
https://simplyenak.com/stories/11-foods-to-try-during-hari-raya,blog,blog:11-foods-to-try-during-hari-raya,0.5,55,1,Foundation (Position 50+ / Unranked),"Set unique, keyword-rich title tags (<60 chars)","Set unique, keyword-rich title tags (<60 chars)
Write compelling meta descriptions (150–160 chars)
Add proper heading hierarchy (H1 → H2 → H3)
Ensure page is indexable (no noindex, no canonical issues)
Add Open Graph and Twitter card meta tags"
https://simplyenak.com/stories/borneo-indigenous-food-culture,blog,blog:borneo-indigenous-food-culture,0.5,55,1,Foundation (Position 50+ / Unranked),"Set unique, keyword-rich title tags (<60 chars)","Set unique, keyword-rich title tags (<60 chars)
Write compelling meta descriptions (150–160 chars)
Add proper heading hierarchy (H1 → H2 → H3)
Ensure page is indexable (no noindex, no canonical issues)
Add Open Graph and Twitter card meta tags"
https://simplyenak.com/stories/chinese-dumpling-festival,blog,blog:chinese-dumpling-festival,0.5,55,1,Foundation (Position 50+ / Unranked),"Set unique, keyword-rich title tags (<60 chars)","Set unique, keyword-rich title tags (<60 chars)
Write compelling meta descriptions (150–160 chars)
Add proper heading hierarchy (H1 → H2 → H3)
Ensure page is indexable (no noindex, no canonical issues)
Add Open Graph and Twitter card meta tags"
https://simplyenak.com/stories/do-malaysians-speak-english,blog,blog:do-malaysians-speak-english,0.5,55,1,Foundation (Position 50+ / Unranked),"Set unique, keyword-rich title tags (<60 chars)","Set unique, keyword-rich title tags (<60 chars)
Write compelling meta descriptions (150–160 chars)
Add proper heading hierarchy (H1 → H2 → H3)
Ensure page is indexable (no noindex, no canonical issues)
Add Open Graph and Twitter card meta tags"
https://simplyenak.com/stories/dog-meat,blog,blog:dog-meat,0.5,55,1,Foundation (Position 50+ / Unranked),"Set unique, keyword-rich title tags (<60 chars)","Set unique, keyword-rich title tags (<60 chars)
Write compelling meta descriptions (150–160 chars)
Add proper heading hierarchy (H1 → H2 → H3)
Ensure page is indexable (no noindex, no canonical issues)
Add Open Graph and Twitter card meta tags"
https://simplyenak.com/stories/durian-guide-2026,blog,blog:durian-guide-2026,0.5,55,1,Foundation (Position 50+ / Unranked),"Set unique, keyword-rich title tags (<60 chars)","Set unique, keyword-rich title tags (<60 chars)
Write compelling meta descriptions (150–160 chars)
Add proper heading hierarchy (H1 → H2 → H3)
Ensure page is indexable (no noindex, no canonical issues)
Add Open Graph and Twitter card meta tags"
https://simplyenak.com/stories/eating-durians,blog,blog:eating-durians,0.5,55,1,Foundation (Position 50+ / Unranked),"Set unique, keyword-rich title tags (<60 chars)","Set unique, keyword-rich title tags (<60 chars)
Write compelling meta descriptions (150–160 chars)
Add proper heading hierarchy (H1 → H2 → H3)
Ensure page is indexable (no noindex, no canonical issues)
Add Open Graph and Twitter card meta tags"
https://simplyenak.com/stories/food-safety,blog,blog:food-safety,0.5,55,1,Foundation (Position 50+ / Unranked),"Set unique, keyword-rich title tags (<60 chars)","Set unique, keyword-rich title tags (<60 chars)
Write compelling meta descriptions (150–160 chars)
Add proper heading hierarchy (H1 → H2 → H3)
Ensure page is indexable (no noindex, no canonical issues)
Add Open Graph and Twitter card meta tags"
https://simplyenak.com/stories/hidden-gems-in-kuala-lumpur,blog,blog:hidden-gems-in-kuala-lumpur,0.5,55,1,Foundation (Position 50+ / Unranked),"Set unique, keyword-rich title tags (<60 chars)","Set unique, keyword-rich title tags (<60 chars)
Write compelling meta descriptions (150–160 chars)
Add proper heading hierarchy (H1 → H2 → H3)
Ensure page is indexable (no noindex, no canonical issues)
Add Open Graph and Twitter card meta tags"
https://simplyenak.com/stories/hidden-meat-problem-vegetarian-kl,blog,blog:hidden-meat-problem-vegetarian-kl,0.5,55,1,Foundation (Position 50+ / Unranked),"Set unique, keyword-rich title tags (<60 chars)","Set unique, keyword-rich title tags (<60 chars)
Write compelling meta descriptions (150–160 chars)
Add proper heading hierarchy (H1 → H2 → H3)
Ensure page is indexable (no noindex, no canonical issues)
Add Open Graph and Twitter card meta tags"
https://simplyenak.com/stories/how-to-find-vegetarian-restaurants-kl-penang-ipoh,blog,blog:how-to-find-vegetarian-restaurants-kl-penang-ipoh,0.5,55,1,Foundation (Position 50+ / Unranked),"Set unique, keyword-rich title tags (<60 chars)","Set unique, keyword-rich title tags (<60 chars)
Write compelling meta descriptions (150–160 chars)
Add proper heading hierarchy (H1 → H2 → H3)
Ensure page is indexable (no noindex, no canonical issues)
Add Open Graph and Twitter card meta tags"
https://simplyenak.com/stories/johor-bahru-local-food-guide,blog,blog:johor-bahru-local-food-guide,0.5,55,1,Foundation (Position 50+ / Unranked),"Set unique, keyword-rich title tags (<60 chars)","Set unique, keyword-rich title tags (<60 chars)
Write compelling meta descriptions (150–160 chars)
Add proper heading hierarchy (H1 → H2 → H3)
Ensure page is indexable (no noindex, no canonical issues)
Add Open Graph and Twitter card meta tags"
https://simplyenak.com/stories/malaysia-durian-guide,blog,blog:malaysia-durian-guide,0.5,55,1,Foundation (Position 50+ / Unranked),"Set unique, keyword-rich title tags (<60 chars)","Set unique, keyword-rich title tags (<60 chars)
Write compelling meta descriptions (150–160 chars)
Add proper heading hierarchy (H1 → H2 → H3)
Ensure page is indexable (no noindex, no canonical issues)
Add Open Graph and Twitter card meta tags"
https://simplyenak.com/stories/malaysia-food-guide-first-time-visitors,blog,blog:malaysia-food-guide-first-time-visitors,0.5,55,1,Foundation (Position 50+ / Unranked),"Set unique, keyword-rich title tags (<60 chars)","Set unique, keyword-rich title tags (<60 chars)
Write compelling meta descriptions (150–160 chars)
Add proper heading hierarchy (H1 → H2 → H3)
Ensure page is indexable (no noindex, no canonical issues)
Add Open Graph and Twitter card meta tags"
https://simplyenak.com/stories/malaysian-chefs-local-cuisine,blog,blog:malaysian-chefs-local-cuisine,0.5,55,1,Foundation (Position 50+ / Unranked),"Set unique, keyword-rich title tags (<60 chars)","Set unique, keyword-rich title tags (<60 chars)
Write compelling meta descriptions (150–160 chars)
Add proper heading hierarchy (H1 → H2 → H3)
Ensure page is indexable (no noindex, no canonical issues)
Add Open Graph and Twitter card meta tags"
https://simplyenak.com/stories/malaysian-egg-dishes-cooking-methods,blog,blog:malaysian-egg-dishes-cooking-methods,0.5,55,1,Foundation (Position 50+ / Unranked),"Set unique, keyword-rich title tags (<60 chars)","Set unique, keyword-rich title tags (<60 chars)
Write compelling meta descriptions (150–160 chars)
Add proper heading hierarchy (H1 → H2 → H3)
Ensure page is indexable (no noindex, no canonical issues)
Add Open Graph and Twitter card meta tags"
https://simplyenak.com/stories/malaysian-festivities,blog,blog:malaysian-festivities,0.5,55,1,Foundation (Position 50+ / Unranked),"Set unique, keyword-rich title tags (<60 chars)","Set unique, keyword-rich title tags (<60 chars)
Write compelling meta descriptions (150–160 chars)
Add proper heading hierarchy (H1 → H2 → H3)
Ensure page is indexable (no noindex, no canonical issues)
Add Open Graph and Twitter card meta tags"
https://simplyenak.com/stories/malaysian-herbs-and-spices,blog,blog:malaysian-herbs-and-spices,0.5,55,1,Foundation (Position 50+ / Unranked),"Set unique, keyword-rich title tags (<60 chars)","Set unique, keyword-rich title tags (<60 chars)
Write compelling meta descriptions (150–160 chars)
Add proper heading hierarchy (H1 → H2 → H3)
Ensure page is indexable (no noindex, no canonical issues)
Add Open Graph and Twitter card meta tags"
https://simplyenak.com/stories/malaysian-kueh-sweets-guide,blog,blog:malaysian-kueh-sweets-guide,0.5,55,1,Foundation (Position 50+ / Unranked),"Set unique, keyword-rich title tags (<60 chars)","Set unique, keyword-rich title tags (<60 chars)
Write compelling meta descriptions (150–160 chars)
Add proper heading hierarchy (H1 → H2 → H3)
Ensure page is indexable (no noindex, no canonical issues)
Add Open Graph and Twitter card meta tags"
https://simplyenak.com/stories/must-try-malaysian-street-food,blog,blog:must-try-malaysian-street-food,0.5,55,1,Foundation (Position 50+ / Unranked),"Set unique, keyword-rich title tags (<60 chars)","Set unique, keyword-rich title tags (<60 chars)
Write compelling meta descriptions (150–160 chars)
Add proper heading hierarchy (H1 → H2 → H3)
Ensure page is indexable (no noindex, no canonical issues)
Add Open Graph and Twitter card meta tags"
https://simplyenak.com/stories/nyonya-cuisine-cultural-symbolism,blog,blog:nyonya-cuisine-cultural-symbolism,0.5,55,1,Foundation (Position 50+ / Unranked),"Set unique, keyword-rich title tags (<60 chars)","Set unique, keyword-rich title tags (<60 chars)
Write compelling meta descriptions (150–160 chars)
Add proper heading hierarchy (H1 → H2 → H3)
Ensure page is indexable (no noindex, no canonical issues)
Add Open Graph and Twitter card meta tags"
https://simplyenak.com/stories/port-klang-to-kuala-lumpur,blog,blog:port-klang-to-kuala-lumpur,0.5,55,1,Foundation (Position 50+ / Unranked),"Set unique, keyword-rich title tags (<60 chars)","Set unique, keyword-rich title tags (<60 chars)
Write compelling meta descriptions (150–160 chars)
Add proper heading hierarchy (H1 → H2 → H3)
Ensure page is indexable (no noindex, no canonical issues)
Add Open Graph and Twitter card meta tags"
https://simplyenak.com/stories/souvenirs-for-foodies,blog,blog:souvenirs-for-foodies,0.5,55,1,Foundation (Position 50+ / Unranked),"Set unique, keyword-rich title tags (<60 chars)","Set unique, keyword-rich title tags (<60 chars)
Write compelling meta descriptions (150–160 chars)
Add proper heading hierarchy (H1 → H2 → H3)
Ensure page is indexable (no noindex, no canonical issues)
Add Open Graph and Twitter card meta tags"
https://simplyenak.com/stories/traditional-pahang-food,blog,blog:traditional-pahang-food,0.5,55,1,Foundation (Position 50+ / Unranked),"Set unique, keyword-rich title tags (<60 chars)","Set unique, keyword-rich title tags (<60 chars)
Write compelling meta descriptions (150–160 chars)
Add proper heading hierarchy (H1 → H2 → H3)
Ensure page is indexable (no noindex, no canonical issues)
Add Open Graph and Twitter card meta tags"
https://simplyenak.com/stories/traveling-during-fasting-month,blog,blog:traveling-during-fasting-month,0.5,55,1,Foundation (Position 50+ / Unranked),"Set unique, keyword-rich title tags (<60 chars)","Set unique, keyword-rich title tags (<60 chars)
Write compelling meta descriptions (150–160 chars)
Add proper heading hierarchy (H1 → H2 → H3)
Ensure page is indexable (no noindex, no canonical issues)
Add Open Graph and Twitter card meta tags"
https://simplyenak.com/stories/what-to-eat-kuala-lumpur-first-time,blog,blog:what-to-eat-kuala-lumpur-first-time,0.5,55,1,Foundation (Position 50+ / Unranked),"Set unique, keyword-rich title tags (<60 chars)","Set unique, keyword-rich title tags (<60 chars)
Write compelling meta descriptions (150–160 chars)
Add proper heading hierarchy (H1 → H2 → H3)
Ensure page is indexable (no noindex, no canonical issues)
Add Open Graph and Twitter card meta tags"
https://simplyenak.com/stories/what-vegetarian-actually-means-kuala-lumpur,blog,blog:what-vegetarian-actually-means-kuala-lumpur,0.5,55,1,Foundation (Position 50+ / Unranked),"Set unique, keyword-rich title tags (<60 chars)","Set unique, keyword-rich title tags (<60 chars)
Write compelling meta descriptions (150–160 chars)
Add proper heading hierarchy (H1 → H2 → H3)
Ensure page is indexable (no noindex, no canonical issues)
Add Open Graph and Twitter card meta tags"
https://simplyenak.com/zh/stories/borneo-indigenous-food-culture,blog,blog:borneo-indigenous-food-culture,0.5,55,1,Foundation (Position 50+ / Unranked),"Set unique, keyword-rich title tags (<60 chars)","Set unique, keyword-rich title tags (<60 chars)
Write compelling meta descriptions (150–160 chars)
Add proper heading hierarchy (H1 → H2 → H3)
Ensure page is indexable (no noindex, no canonical issues)
Add Open Graph and Twitter card meta tags"
https://simplyenak.com/zh/stories/durian-guide-2026,blog,blog:durian-guide-2026,0.5,55,1,Foundation (Position 50+ / Unranked),"Set unique, keyword-rich title tags (<60 chars)","Set unique, keyword-rich title tags (<60 chars)
Write compelling meta descriptions (150–160 chars)
Add proper heading hierarchy (H1 → H2 → H3)
Ensure page is indexable (no noindex, no canonical issues)
Add Open Graph and Twitter card meta tags"
https://simplyenak.com/zh/stories/johor-bahru-local-food-guide,blog,blog:johor-bahru-local-food-guide,0.5,55,1,Foundation (Position 50+ / Unranked),"Set unique, keyword-rich title tags (<60 chars)","Set unique, keyword-rich title tags (<60 chars)
Write compelling meta descriptions (150–160 chars)
Add proper heading hierarchy (H1 → H2 → H3)
Ensure page is indexable (no noindex, no canonical issues)
Add Open Graph and Twitter card meta tags"
https://simplyenak.com/zh/stories/malaysia-durian-guide,blog,blog:malaysia-durian-guide,0.5,55,1,Foundation (Position 50+ / Unranked),"Set unique, keyword-rich title tags (<60 chars)","Set unique, keyword-rich title tags (<60 chars)
Write compelling meta descriptions (150–160 chars)
Add proper heading hierarchy (H1 → H2 → H3)
Ensure page is indexable (no noindex, no canonical issues)
Add Open Graph and Twitter card meta tags"
https://simplyenak.com/zh/stories/malaysia-food-guide-first-time-visitors,blog,blog:malaysia-food-guide-first-time-visitors,0.5,55,1,Foundation (Position 50+ / Unranked),"Set unique, keyword-rich title tags (<60 chars)","Set unique, keyword-rich title tags (<60 chars)
Write compelling meta descriptions (150–160 chars)
Add proper heading hierarchy (H1 → H2 → H3)
Ensure page is indexable (no noindex, no canonical issues)
Add Open Graph and Twitter card meta tags"
https://simplyenak.com/zh/stories/malaysian-chefs-local-cuisine,blog,blog:malaysian-chefs-local-cuisine,0.5,55,1,Foundation (Position 50+ / Unranked),"Set unique, keyword-rich title tags (<60 chars)","Set unique, keyword-rich title tags (<60 chars)
Write compelling meta descriptions (150–160 chars)
Add proper heading hierarchy (H1 → H2 → H3)
Ensure page is indexable (no noindex, no canonical issues)
Add Open Graph and Twitter card meta tags"
https://simplyenak.com/zh/stories/malaysian-egg-dishes-cooking-methods,blog,blog:malaysian-egg-dishes-cooking-methods,0.5,55,1,Foundation (Position 50+ / Unranked),"Set unique, keyword-rich title tags (<60 chars)","Set unique, keyword-rich title tags (<60 chars)
Write compelling meta descriptions (150–160 chars)
Add proper heading hierarchy (H1 → H2 → H3)
Ensure page is indexable (no noindex, no canonical issues)
Add Open Graph and Twitter card meta tags"
https://simplyenak.com/zh/stories/malaysian-kueh-sweets-guide,blog,blog:malaysian-kueh-sweets-guide,0.5,55,1,Foundation (Position 50+ / Unranked),"Set unique, keyword-rich title tags (<60 chars)","Set unique, keyword-rich title tags (<60 chars)
Write compelling meta descriptions (150–160 chars)
Add proper heading hierarchy (H1 → H2 → H3)
Ensure page is indexable (no noindex, no canonical issues)
Add Open Graph and Twitter card meta tags"
https://simplyenak.com/zh/stories/nyonya-cuisine-cultural-symbolism,blog,blog:nyonya-cuisine-cultural-symbolism,0.5,55,1,Foundation (Position 50+ / Unranked),"Set unique, keyword-rich title tags (<60 chars)","Set unique, keyword-rich title tags (<60 chars)
Write compelling meta descriptions (150–160 chars)
Add proper heading hierarchy (H1 → H2 → H3)
Ensure page is indexable (no noindex, no canonical issues)
Add Open Graph and Twitter card meta tags"
https://simplyenak.com/zh/stories/traditional-pahang-food,blog,blog:traditional-pahang-food,0.5,55,1,Foundation (Position 50+ / Unranked),"Set unique, keyword-rich title tags (<60 chars)","Set unique, keyword-rich title tags (<60 chars)
Write compelling meta descriptions (150–160 chars)
Add proper heading hierarchy (H1 → H2 → H3)
Ensure page is indexable (no noindex, no canonical issues)
Add Open Graph and Twitter card meta tags"
https://simplyenak.com/zh/stories/what-to-eat-kuala-lumpur-first-time,blog,blog:what-to-eat-kuala-lumpur-first-time,0.5,55,1,Foundation (Position 50+ / Unranked),"Set unique, keyword-rich title tags (<60 chars)","Set unique, keyword-rich title tags (<60 chars)
Write compelling meta descriptions (150–160 chars)
Add proper heading hierarchy (H1 → H2 → H3)
Ensure page is indexable (no noindex, no canonical issues)
Add Open Graph and Twitter card meta tags"
https://simplyenak.com/de/tours/dietary/gluten-free-food-tours,colony,dietary:gluten-free-food-tours,0.5,60,1,Foundation (Position 50+ / Unranked),"Set unique, keyword-rich title tags (<60 chars)","Set unique, keyword-rich title tags (<60 chars)
Write compelling meta descriptions (150–160 chars)
Add proper heading hierarchy (H1 → H2 → H3)
Ensure page is indexable (no noindex, no canonical issues)
Add Open Graph and Twitter card meta tags"
https://simplyenak.com/de/tours/dietary/gluten-free-food-tours-kuala-lumpur,colony,dietary:gluten-free-food-tours-kuala-lumpur,0.5,60,1,Foundation (Position 50+ / Unranked),"Set unique, keyword-rich title tags (<60 chars)","Set unique, keyword-rich title tags (<60 chars)
Write compelling meta descriptions (150–160 chars)
Add proper heading hierarchy (H1 → H2 → H3)
Ensure page is indexable (no noindex, no canonical issues)
Add Open Graph and Twitter card meta tags"
https://simplyenak.com/de/tours/dietary/gluten-free-food-tours-penang,colony,dietary:gluten-free-food-tours-penang,0.5,60,1,Foundation (Position 50+ / Unranked),"Set unique, keyword-rich title tags (<60 chars)","Set unique, keyword-rich title tags (<60 chars)
Write compelling meta descriptions (150–160 chars)
Add proper heading hierarchy (H1 → H2 → H3)
Ensure page is indexable (no noindex, no canonical issues)
Add Open Graph and Twitter card meta tags"
https://simplyenak.com/de/tours/dietary/halal-food-tours,colony,dietary:halal-food-tours,0.5,60,1,Foundation (Position 50+ / Unranked),"Set unique, keyword-rich title tags (<60 chars)","Set unique, keyword-rich title tags (<60 chars)
Write compelling meta descriptions (150–160 chars)
Add proper heading hierarchy (H1 → H2 → H3)
Ensure page is indexable (no noindex, no canonical issues)
Add Open Graph and Twitter card meta tags"
https://simplyenak.com/de/tours/dietary/halal-food-tours-kuala-lumpur,colony,dietary:halal-food-tours-kuala-lumpur,0.5,60,1,Foundation (Position 50+ / Unranked),"Set unique, keyword-rich title tags (<60 chars)","Set unique, keyword-rich title tags (<60 chars)
Write compelling meta descriptions (150–160 chars)
Add proper heading hierarchy (H1 → H2 → H3)
Ensure page is indexable (no noindex, no canonical issues)
Add Open Graph and Twitter card meta tags"
https://simplyenak.com/de/tours/dietary/halal-food-tours-penang,colony,dietary:halal-food-tours-penang,0.5,60,1,Foundation (Position 50+ / Unranked),"Set unique, keyword-rich title tags (<60 chars)","Set unique, keyword-rich title tags (<60 chars)
Write compelling meta descriptions (150–160 chars)
Add proper heading hierarchy (H1 → H2 → H3)
Ensure page is indexable (no noindex, no canonical issues)
Add Open Graph and Twitter card meta tags"
https://simplyenak.com/de/tours/dietary/jain-food-tours,colony,dietary:jain-food-tours,0.5,60,1,Foundation (Position 50+ / Unranked),"Set unique, keyword-rich title tags (<60 chars)","Set unique, keyword-rich title tags (<60 chars)
Write compelling meta descriptions (150–160 chars)
Add proper heading hierarchy (H1 → H2 → H3)
Ensure page is indexable (no noindex, no canonical issues)
Add Open Graph and Twitter card meta tags"
https://simplyenak.com/de/tours/dietary/jain-food-tours-kuala-lumpur,colony,dietary:jain-food-tours-kuala-lumpur,0.5,60,1,Foundation (Position 50+ / Unranked),"Set unique, keyword-rich title tags (<60 chars)","Set unique, keyword-rich title tags (<60 chars)
Write compelling meta descriptions (150–160 chars)
Add proper heading hierarchy (H1 → H2 → H3)
Ensure page is indexable (no noindex, no canonical issues)
Add Open Graph and Twitter card meta tags"
https://simplyenak.com/de/tours/dietary/jain-food-tours-penang,colony,dietary:jain-food-tours-penang,0.5,60,1,Foundation (Position 50+ / Unranked),"Set unique, keyword-rich title tags (<60 chars)","Set unique, keyword-rich title tags (<60 chars)
Write compelling meta descriptions (150–160 chars)
Add proper heading hierarchy (H1 → H2 → H3)
Ensure page is indexable (no noindex, no canonical issues)
Add Open Graph and Twitter card meta tags"
https://simplyenak.com/de/tours/dietary/vegan-food-tours,colony,dietary:vegan-food-tours,0.5,60,1,Foundation (Position 50+ / Unranked),"Set unique, keyword-rich title tags (<60 chars)","Set unique, keyword-rich title tags (<60 chars)
Write compelling meta descriptions (150–160 chars)
Add proper heading hierarchy (H1 → H2 → H3)
Ensure page is indexable (no noindex, no canonical issues)
Add Open Graph and Twitter card meta tags"
https://simplyenak.com/de/tours/dietary/vegan-food-tours-kuala-lumpur,colony,dietary:vegan-food-tours-kuala-lumpur,0.5,60,1,Foundation (Position 50+ / Unranked),"Set unique, keyword-rich title tags (<60 chars)","Set unique, keyword-rich title tags (<60 chars)
Write compelling meta descriptions (150–160 chars)
Add proper heading hierarchy (H1 → H2 → H3)
Ensure page is indexable (no noindex, no canonical issues)
Add Open Graph and Twitter card meta tags"
https://simplyenak.com/de/tours/dietary/vegan-food-tours-penang,colony,dietary:vegan-food-tours-penang,0.5,60,1,Foundation (Position 50+ / Unranked),"Set unique, keyword-rich title tags (<60 chars)","Set unique, keyword-rich title tags (<60 chars)
Write compelling meta descriptions (150–160 chars)
Add proper heading hierarchy (H1 → H2 → H3)
Ensure page is indexable (no noindex, no canonical issues)
Add Open Graph and Twitter card meta tags"
https://simplyenak.com/de/tours/dietary/vegetarian-food-tours,colony,dietary:vegetarian-food-tours,0.5,60,1,Foundation (Position 50+ / Unranked),"Set unique, keyword-rich title tags (<60 chars)","Set unique, keyword-rich title tags (<60 chars)
Write compelling meta descriptions (150–160 chars)
Add proper heading hierarchy (H1 → H2 → H3)
Ensure page is indexable (no noindex, no canonical issues)
Add Open Graph and Twitter card meta tags"
https://simplyenak.com/de/tours/dietary/vegetarian-food-tours-kuala-lumpur,colony,dietary:vegetarian-food-tours-kuala-lumpur,0.5,60,1,Foundation (Position 50+ / Unranked),"Set unique, keyword-rich title tags (<60 chars)","Set unique, keyword-rich title tags (<60 chars)
Write compelling meta descriptions (150–160 chars)
Add proper heading hierarchy (H1 → H2 → H3)
Ensure page is indexable (no noindex, no canonical issues)
Add Open Graph and Twitter card meta tags"
https://simplyenak.com/de/tours/dietary/vegetarian-food-tours-penang,colony,dietary:vegetarian-food-tours-penang,0.5,60,1,Foundation (Position 50+ / Unranked),"Set unique, keyword-rich title tags (<60 chars)","Set unique, keyword-rich title tags (<60 chars)
Write compelling meta descriptions (150–160 chars)
Add proper heading hierarchy (H1 → H2 → H3)
Ensure page is indexable (no noindex, no canonical issues)
Add Open Graph and Twitter card meta tags"
https://simplyenak.com/de/tours/locations/chinatown-food-tour-kuala-lumpur,colony,location:chinatown-food-tour-kuala-lumpur,0.5,60,1,Foundation (Position 50+ / Unranked),"Set unique, keyword-rich title tags (<60 chars)","Set unique, keyword-rich title tags (<60 chars)
Write compelling meta descriptions (150–160 chars)
Add proper heading hierarchy (H1 → H2 → H3)
Ensure page is indexable (no noindex, no canonical issues)
Add Open Graph and Twitter card meta tags"
https://simplyenak.com/de/tours/locations/chow-kit-market-food-tour,colony,location:chow-kit-market-food-tour,0.5,60,1,Foundation (Position 50+ / Unranked),"Set unique, keyword-rich title tags (<60 chars)","Set unique, keyword-rich title tags (<60 chars)
Write compelling meta descriptions (150–160 chars)
Add proper heading hierarchy (H1 → H2 → H3)
Ensure page is indexable (no noindex, no canonical issues)
Add Open Graph and Twitter card meta tags"
https://simplyenak.com/de/tours/locations/chowrasta-market-food-tour,colony,location:chowrasta-market-food-tour,0.5,60,1,Foundation (Position 50+ / Unranked),"Set unique, keyword-rich title tags (<60 chars)","Set unique, keyword-rich title tags (<60 chars)
Write compelling meta descriptions (150–160 chars)
Add proper heading hierarchy (H1 → H2 → H3)
Ensure page is indexable (no noindex, no canonical issues)
Add Open Graph and Twitter card meta tags"
https://simplyenak.com/de/tours/locations/food-tours-ipoh,colony,location:food-tours-ipoh,0.5,60,1,Foundation (Position 50+ / Unranked),"Set unique, keyword-rich title tags (<60 chars)","Set unique, keyword-rich title tags (<60 chars)
Write compelling meta descriptions (150–160 chars)
Add proper heading hierarchy (H1 → H2 → H3)
Ensure page is indexable (no noindex, no canonical issues)
Add Open Graph and Twitter card meta tags"
https://simplyenak.com/de/tours/locations/food-tours-klang,colony,location:food-tours-klang,0.5,60,1,Foundation (Position 50+ / Unranked),"Set unique, keyword-rich title tags (<60 chars)","Set unique, keyword-rich title tags (<60 chars)
Write compelling meta descriptions (150–160 chars)
Add proper heading hierarchy (H1 → H2 → H3)
Ensure page is indexable (no noindex, no canonical issues)
Add Open Graph and Twitter card meta tags"
https://simplyenak.com/de/tours/locations/food-tours-kuala-lumpur,colony,location:food-tours-kuala-lumpur,0.5,60,1,Foundation (Position 50+ / Unranked),"Set unique, keyword-rich title tags (<60 chars)","Set unique, keyword-rich title tags (<60 chars)
Write compelling meta descriptions (150–160 chars)
Add proper heading hierarchy (H1 → H2 → H3)
Ensure page is indexable (no noindex, no canonical issues)
Add Open Graph and Twitter card meta tags"
https://simplyenak.com/de/tours/locations/food-tours-melaka,colony,location:food-tours-melaka,0.5,60,1,Foundation (Position 50+ / Unranked),"Set unique, keyword-rich title tags (<60 chars)","Set unique, keyword-rich title tags (<60 chars)
Write compelling meta descriptions (150–160 chars)
Add proper heading hierarchy (H1 → H2 → H3)
Ensure page is indexable (no noindex, no canonical issues)
Add Open Graph and Twitter card meta tags"
https://simplyenak.com/de/tours/locations/food-tours-penang,colony,location:food-tours-penang,0.5,60,1,Foundation (Position 50+ / Unranked),"Set unique, keyword-rich title tags (<60 chars)","Set unique, keyword-rich title tags (<60 chars)
Write compelling meta descriptions (150–160 chars)
Add proper heading hierarchy (H1 → H2 → H3)
Ensure page is indexable (no noindex, no canonical issues)
Add Open Graph and Twitter card meta tags"
https://simplyenak.com/de/tours/locations/georgetown-heritage-food-tour,colony,location:georgetown-heritage-food-tour,0.5,60,1,Foundation (Position 50+ / Unranked),"Set unique, keyword-rich title tags (<60 chars)","Set unique, keyword-rich title tags (<60 chars)
Write compelling meta descriptions (150–160 chars)
Add proper heading hierarchy (H1 → H2 → H3)
Ensure page is indexable (no noindex, no canonical issues)
Add Open Graph and Twitter card meta tags"
https://simplyenak.com/de/tours/locations/gurney-drive-food-tour,colony,location:gurney-drive-food-tour,0.5,60,1,Foundation (Position 50+ / Unranked),"Set unique, keyword-rich title tags (<60 chars)","Set unique, keyword-rich title tags (<60 chars)
Write compelling meta descriptions (150–160 chars)
Add proper heading hierarchy (H1 → H2 → H3)
Ensure page is indexable (no noindex, no canonical issues)
Add Open Graph and Twitter card meta tags"
https://simplyenak.com/de/tours/locations/kampung-baru-food-tour,colony,location:kampung-baru-food-tour,0.5,60,1,Foundation (Position 50+ / Unranked),"Set unique, keyword-rich title tags (<60 chars)","Set unique, keyword-rich title tags (<60 chars)
Write compelling meta descriptions (150–160 chars)
Add proper heading hierarchy (H1 → H2 → H3)
Ensure page is indexable (no noindex, no canonical issues)
Add Open Graph and Twitter card meta tags"
https://simplyenak.com/de/tours/locations/little-india-food-tour-kuala-lumpur,colony,location:little-india-food-tour-kuala-lumpur,0.5,60,1,Foundation (Position 50+ / Unranked),"Set unique, keyword-rich title tags (<60 chars)","Set unique, keyword-rich title tags (<60 chars)
Write compelling meta descriptions (150–160 chars)
Add proper heading hierarchy (H1 → H2 → H3)
Ensure page is indexable (no noindex, no canonical issues)
Add Open Graph and Twitter card meta tags"
https://simplyenak.com/de/tours/locations/little-india-food-tour-penang,colony,location:little-india-food-tour-penang,0.5,60,1,Foundation (Position 50+ / Unranked),"Set unique, keyword-rich title tags (<60 chars)","Set unique, keyword-rich title tags (<60 chars)
Write compelling meta descriptions (150–160 chars)
Add proper heading hierarchy (H1 → H2 → H3)
Ensure page is indexable (no noindex, no canonical issues)
Add Open Graph and Twitter card meta tags"
https://simplyenak.com/de/tours/segments/food-tours-for-chefs,colony,segment:food-tours-for-chefs,0.5,60,1,Foundation (Position 50+ / Unranked),"Set unique, keyword-rich title tags (<60 chars)","Set unique, keyword-rich title tags (<60 chars)
Write compelling meta descriptions (150–160 chars)
Add proper heading hierarchy (H1 → H2 → H3)
Ensure page is indexable (no noindex, no canonical issues)
Add Open Graph and Twitter card meta tags"
https://simplyenak.com/de/tours/segments/food-tours-for-couples-kuala-lumpur,colony,segment:food-tours-for-couples-kuala-lumpur,0.5,60,1,Foundation (Position 50+ / Unranked),"Set unique, keyword-rich title tags (<60 chars)","Set unique, keyword-rich title tags (<60 chars)
Write compelling meta descriptions (150–160 chars)
Add proper heading hierarchy (H1 → H2 → H3)
Ensure page is indexable (no noindex, no canonical issues)
Add Open Graph and Twitter card meta tags"
https://simplyenak.com/de/tours/segments/food-tours-for-couples-penang,colony,segment:food-tours-for-couples-penang,0.5,60,1,Foundation (Position 50+ / Unranked),"Set unique, keyword-rich title tags (<60 chars)","Set unique, keyword-rich title tags (<60 chars)
Write compelling meta descriptions (150–160 chars)
Add proper heading hierarchy (H1 → H2 → H3)
Ensure page is indexable (no noindex, no canonical issues)
Add Open Graph and Twitter card meta tags"
https://simplyenak.com/de/tours/segments/food-tours-for-families-kuala-lumpur,colony,segment:food-tours-for-families-kuala-lumpur,0.5,60,1,Foundation (Position 50+ / Unranked),"Set unique, keyword-rich title tags (<60 chars)","Set unique, keyword-rich title tags (<60 chars)
Write compelling meta descriptions (150–160 chars)
Add proper heading hierarchy (H1 → H2 → H3)
Ensure page is indexable (no noindex, no canonical issues)
Add Open Graph and Twitter card meta tags"
https://simplyenak.com/de/tours/segments/food-tours-for-families-penang,colony,segment:food-tours-for-families-penang,0.5,60,1,Foundation (Position 50+ / Unranked),"Set unique, keyword-rich title tags (<60 chars)","Set unique, keyword-rich title tags (<60 chars)
Write compelling meta descriptions (150–160 chars)
Add proper heading hierarchy (H1 → H2 → H3)
Ensure page is indexable (no noindex, no canonical issues)
Add Open Graph and Twitter card meta tags"
https://simplyenak.com/de/tours/segments/food-tours-for-foodies-kuala-lumpur,colony,segment:food-tours-for-foodies-kuala-lumpur,0.5,60,1,Foundation (Position 50+ / Unranked),"Set unique, keyword-rich title tags (<60 chars)","Set unique, keyword-rich title tags (<60 chars)
Write compelling meta descriptions (150–160 chars)
Add proper heading hierarchy (H1 → H2 → H3)
Ensure page is indexable (no noindex, no canonical issues)
Add Open Graph and Twitter card meta tags"
https://simplyenak.com/de/tours/segments/food-tours-for-foodies-penang,colony,segment:food-tours-for-foodies-penang,0.5,60,1,Foundation (Position 50+ / Unranked),"Set unique, keyword-rich title tags (<60 chars)","Set unique, keyword-rich title tags (<60 chars)
Write compelling meta descriptions (150–160 chars)
Add proper heading hierarchy (H1 → H2 → H3)
Ensure page is indexable (no noindex, no canonical issues)
Add Open Graph and Twitter card meta tags"
https://simplyenak.com/de/tours/segments/food-tours-for-wedding-groups,colony,segment:food-tours-for-wedding-groups,0.5,60,1,Foundation (Position 50+ / Unranked),"Set unique, keyword-rich title tags (<60 chars)","Set unique, keyword-rich title tags (<60 chars)
Write compelling meta descriptions (150–160 chars)
Add proper heading hierarchy (H1 → H2 → H3)
Ensure page is indexable (no noindex, no canonical issues)
Add Open Graph and Twitter card meta tags"
https://simplyenak.com/de/tours/specialty/heritage-food-tours,colony,specialty:heritage-food-tours,0.5,60,1,Foundation (Position 50+ / Unranked),"Set unique, keyword-rich title tags (<60 chars)","Set unique, keyword-rich title tags (<60 chars)
Write compelling meta descriptions (150–160 chars)
Add proper heading hierarchy (H1 → H2 → H3)
Ensure page is indexable (no noindex, no canonical issues)
Add Open Graph and Twitter card meta tags"
https://simplyenak.com/de/tours/specialty/heritage-food-tours-kuala-lumpur,colony,specialty:heritage-food-tours-kuala-lumpur,0.5,60,1,Foundation (Position 50+ / Unranked),"Set unique, keyword-rich title tags (<60 chars)","Set unique, keyword-rich title tags (<60 chars)
Write compelling meta descriptions (150–160 chars)
Add proper heading hierarchy (H1 → H2 → H3)
Ensure page is indexable (no noindex, no canonical issues)
Add Open Graph and Twitter card meta tags"
https://simplyenak.com/de/tours/specialty/heritage-food-tours-penang,colony,specialty:heritage-food-tours-penang,0.5,60,1,Foundation (Position 50+ / Unranked),"Set unique, keyword-rich title tags (<60 chars)","Set unique, keyword-rich title tags (<60 chars)
Write compelling meta descriptions (150–160 chars)
Add proper heading hierarchy (H1 → H2 → H3)
Ensure page is indexable (no noindex, no canonical issues)
Add Open Graph and Twitter card meta tags"
https://simplyenak.com/de/tours/specialty/market-tours,colony,specialty:market-tours,0.5,60,1,Foundation (Position 50+ / Unranked),"Set unique, keyword-rich title tags (<60 chars)","Set unique, keyword-rich title tags (<60 chars)
Write compelling meta descriptions (150–160 chars)
Add proper heading hierarchy (H1 → H2 → H3)
Ensure page is indexable (no noindex, no canonical issues)
Add Open Graph and Twitter card meta tags"
https://simplyenak.com/de/tours/specialty/market-tours-kuala-lumpur,colony,specialty:market-tours-kuala-lumpur,0.5,60,1,Foundation (Position 50+ / Unranked),"Set unique, keyword-rich title tags (<60 chars)","Set unique, keyword-rich title tags (<60 chars)
Write compelling meta descriptions (150–160 chars)
Add proper heading hierarchy (H1 → H2 → H3)
Ensure page is indexable (no noindex, no canonical issues)
Add Open Graph and Twitter card meta tags"
https://simplyenak.com/de/tours/specialty/market-tours-penang,colony,specialty:market-tours-penang,0.5,60,1,Foundation (Position 50+ / Unranked),"Set unique, keyword-rich title tags (<60 chars)","Set unique, keyword-rich title tags (<60 chars)
Write compelling meta descriptions (150–160 chars)
Add proper heading hierarchy (H1 → H2 → H3)
Ensure page is indexable (no noindex, no canonical issues)
Add Open Graph and Twitter card meta tags"
https://simplyenak.com/de/tours/specialty/night-food-tours,colony,specialty:night-food-tours,0.5,60,1,Foundation (Position 50+ / Unranked),"Set unique, keyword-rich title tags (<60 chars)","Set unique, keyword-rich title tags (<60 chars)
Write compelling meta descriptions (150–160 chars)
Add proper heading hierarchy (H1 → H2 → H3)
Ensure page is indexable (no noindex, no canonical issues)
Add Open Graph and Twitter card meta tags"
https://simplyenak.com/de/tours/specialty/night-food-tours-kuala-lumpur,colony,specialty:night-food-tours-kuala-lumpur,0.5,60,1,Foundation (Position 50+ / Unranked),"Set unique, keyword-rich title tags (<60 chars)","Set unique, keyword-rich title tags (<60 chars)
Write compelling meta descriptions (150–160 chars)
Add proper heading hierarchy (H1 → H2 → H3)
Ensure page is indexable (no noindex, no canonical issues)
Add Open Graph and Twitter card meta tags"
https://simplyenak.com/de/tours/specialty/night-food-tours-penang,colony,specialty:night-food-tours-penang,0.5,60,1,Foundation (Position 50+ / Unranked),"Set unique, keyword-rich title tags (<60 chars)","Set unique, keyword-rich title tags (<60 chars)
Write compelling meta descriptions (150–160 chars)
Add proper heading hierarchy (H1 → H2 → H3)
Ensure page is indexable (no noindex, no canonical issues)
Add Open Graph and Twitter card meta tags"
https://simplyenak.com/de/tours/specialty/street-food-tours,colony,specialty:street-food-tours,0.5,60,1,Foundation (Position 50+ / Unranked),"Set unique, keyword-rich title tags (<60 chars)","Set unique, keyword-rich title tags (<60 chars)
Write compelling meta descriptions (150–160 chars)
Add proper heading hierarchy (H1 → H2 → H3)
Ensure page is indexable (no noindex, no canonical issues)
Add Open Graph and Twitter card meta tags"
https://simplyenak.com/de/tours/specialty/street-food-tours-kuala-lumpur,colony,specialty:street-food-tours-kuala-lumpur,0.5,60,1,Foundation (Position 50+ / Unranked),"Set unique, keyword-rich title tags (<60 chars)","Set unique, keyword-rich title tags (<60 chars)
Write compelling meta descriptions (150–160 chars)
Add proper heading hierarchy (H1 → H2 → H3)
Ensure page is indexable (no noindex, no canonical issues)
Add Open Graph and Twitter card meta tags"
https://simplyenak.com/de/tours/specialty/street-food-tours-penang,colony,specialty:street-food-tours-penang,0.5,60,1,Foundation (Position 50+ / Unranked),"Set unique, keyword-rich title tags (<60 chars)","Set unique, keyword-rich title tags (<60 chars)
Write compelling meta descriptions (150–160 chars)
Add proper heading hierarchy (H1 → H2 → H3)
Ensure page is indexable (no noindex, no canonical issues)
Add Open Graph and Twitter card meta tags"
https://simplyenak.com/es/tours/dietary/gluten-free-food-tours,colony,dietary:gluten-free-food-tours,0.5,60,1,Foundation (Position 50+ / Unranked),"Set unique, keyword-rich title tags (<60 chars)","Set unique, keyword-rich title tags (<60 chars)
Write compelling meta descriptions (150–160 chars)
Add proper heading hierarchy (H1 → H2 → H3)
Ensure page is indexable (no noindex, no canonical issues)
Add Open Graph and Twitter card meta tags"
https://simplyenak.com/es/tours/dietary/gluten-free-food-tours-kuala-lumpur,colony,dietary:gluten-free-food-tours-kuala-lumpur,0.5,60,1,Foundation (Position 50+ / Unranked),"Set unique, keyword-rich title tags (<60 chars)","Set unique, keyword-rich title tags (<60 chars)
Write compelling meta descriptions (150–160 chars)
Add proper heading hierarchy (H1 → H2 → H3)
Ensure page is indexable (no noindex, no canonical issues)
Add Open Graph and Twitter card meta tags"
https://simplyenak.com/es/tours/dietary/gluten-free-food-tours-penang,colony,dietary:gluten-free-food-tours-penang,0.5,60,1,Foundation (Position 50+ / Unranked),"Set unique, keyword-rich title tags (<60 chars)","Set unique, keyword-rich title tags (<60 chars)
Write compelling meta descriptions (150–160 chars)
Add proper heading hierarchy (H1 → H2 → H3)
Ensure page is indexable (no noindex, no canonical issues)
Add Open Graph and Twitter card meta tags"
https://simplyenak.com/es/tours/dietary/halal-food-tours,colony,dietary:halal-food-tours,0.5,60,1,Foundation (Position 50+ / Unranked),"Set unique, keyword-rich title tags (<60 chars)","Set unique, keyword-rich title tags (<60 chars)
Write compelling meta descriptions (150–160 chars)
Add proper heading hierarchy (H1 → H2 → H3)
Ensure page is indexable (no noindex, no canonical issues)
Add Open Graph and Twitter card meta tags"
https://simplyenak.com/es/tours/dietary/halal-food-tours-kuala-lumpur,colony,dietary:halal-food-tours-kuala-lumpur,0.5,60,1,Foundation (Position 50+ / Unranked),"Set unique, keyword-rich title tags (<60 chars)","Set unique, keyword-rich title tags (<60 chars)
Write compelling meta descriptions (150–160 chars)
Add proper heading hierarchy (H1 → H2 → H3)
Ensure page is indexable (no noindex, no canonical issues)
Add Open Graph and Twitter card meta tags"
https://simplyenak.com/es/tours/dietary/halal-food-tours-penang,colony,dietary:halal-food-tours-penang,0.5,60,1,Foundation (Position 50+ / Unranked),"Set unique, keyword-rich title tags (<60 chars)","Set unique, keyword-rich title tags (<60 chars)
Write compelling meta descriptions (150–160 chars)
Add proper heading hierarchy (H1 → H2 → H3)
Ensure page is indexable (no noindex, no canonical issues)
Add Open Graph and Twitter card meta tags"
https://simplyenak.com/es/tours/dietary/jain-food-tours,colony,dietary:jain-food-tours,0.5,60,1,Foundation (Position 50+ / Unranked),"Set unique, keyword-rich title tags (<60 chars)","Set unique, keyword-rich title tags (<60 chars)
Write compelling meta descriptions (150–160 chars)
Add proper heading hierarchy (H1 → H2 → H3)
Ensure page is indexable (no noindex, no canonical issues)
Add Open Graph and Twitter card meta tags"
https://simplyenak.com/es/tours/dietary/jain-food-tours-kuala-lumpur,colony,dietary:jain-food-tours-kuala-lumpur,0.5,60,1,Foundation (Position 50+ / Unranked),"Set unique, keyword-rich title tags (<60 chars)","Set unique, keyword-rich title tags (<60 chars)
Write compelling meta descriptions (150–160 chars)
Add proper heading hierarchy (H1 → H2 → H3)
Ensure page is indexable (no noindex, no canonical issues)
Add Open Graph and Twitter card meta tags"
https://simplyenak.com/es/tours/dietary/jain-food-tours-penang,colony,dietary:jain-food-tours-penang,0.5,60,1,Foundation (Position 50+ / Unranked),"Set unique, keyword-rich title tags (<60 chars)","Set unique, keyword-rich title tags (<60 chars)
Write compelling meta descriptions (150–160 chars)
Add proper heading hierarchy (H1 → H2 → H3)
Ensure page is indexable (no noindex, no canonical issues)
Add Open Graph and Twitter card meta tags"
https://simplyenak.com/es/tours/dietary/vegan-food-tours,colony,dietary:vegan-food-tours,0.5,60,1,Foundation (Position 50+ / Unranked),"Set unique, keyword-rich title tags (<60 chars)","Set unique, keyword-rich title tags (<60 chars)
Write compelling meta descriptions (150–160 chars)
Add proper heading hierarchy (H1 → H2 → H3)
Ensure page is indexable (no noindex, no canonical issues)
Add Open Graph and Twitter card meta tags"
https://simplyenak.com/es/tours/dietary/vegan-food-tours-kuala-lumpur,colony,dietary:vegan-food-tours-kuala-lumpur,0.5,60,1,Foundation (Position 50+ / Unranked),"Set unique, keyword-rich title tags (<60 chars)","Set unique, keyword-rich title tags (<60 chars)
Write compelling meta descriptions (150–160 chars)
Add proper heading hierarchy (H1 → H2 → H3)
Ensure page is indexable (no noindex, no canonical issues)
Add Open Graph and Twitter card meta tags"
https://simplyenak.com/es/tours/dietary/vegan-food-tours-penang,colony,dietary:vegan-food-tours-penang,0.5,60,1,Foundation (Position 50+ / Unranked),"Set unique, keyword-rich title tags (<60 chars)","Set unique, keyword-rich title tags (<60 chars)
Write compelling meta descriptions (150–160 chars)
Add proper heading hierarchy (H1 → H2 → H3)
Ensure page is indexable (no noindex, no canonical issues)
Add Open Graph and Twitter card meta tags"
https://simplyenak.com/es/tours/dietary/vegetarian-food-tours,colony,dietary:vegetarian-food-tours,0.5,60,1,Foundation (Position 50+ / Unranked),"Set unique, keyword-rich title tags (<60 chars)","Set unique, keyword-rich title tags (<60 chars)
Write compelling meta descriptions (150–160 chars)
Add proper heading hierarchy (H1 → H2 → H3)
Ensure page is indexable (no noindex, no canonical issues)
Add Open Graph and Twitter card meta tags"
https://simplyenak.com/es/tours/dietary/vegetarian-food-tours-kuala-lumpur,colony,dietary:vegetarian-food-tours-kuala-lumpur,0.5,60,1,Foundation (Position 50+ / Unranked),"Set unique, keyword-rich title tags (<60 chars)","Set unique, keyword-rich title tags (<60 chars)
Write compelling meta descriptions (150–160 chars)
Add proper heading hierarchy (H1 → H2 → H3)
Ensure page is indexable (no noindex, no canonical issues)
Add Open Graph and Twitter card meta tags"
https://simplyenak.com/es/tours/dietary/vegetarian-food-tours-penang,colony,dietary:vegetarian-food-tours-penang,0.5,60,1,Foundation (Position 50+ / Unranked),"Set unique, keyword-rich title tags (<60 chars)","Set unique, keyword-rich title tags (<60 chars)
Write compelling meta descriptions (150–160 chars)
Add proper heading hierarchy (H1 → H2 → H3)
Ensure page is indexable (no noindex, no canonical issues)
Add Open Graph and Twitter card meta tags"
https://simplyenak.com/es/tours/locations/chinatown-food-tour-kuala-lumpur,colony,location:chinatown-food-tour-kuala-lumpur,0.5,60,1,Foundation (Position 50+ / Unranked),"Set unique, keyword-rich title tags (<60 chars)","Set unique, keyword-rich title tags (<60 chars)
Write compelling meta descriptions (150–160 chars)
Add proper heading hierarchy (H1 → H2 → H3)
Ensure page is indexable (no noindex, no canonical issues)
Add Open Graph and Twitter card meta tags"
https://simplyenak.com/es/tours/locations/chow-kit-market-food-tour,colony,location:chow-kit-market-food-tour,0.5,60,1,Foundation (Position 50+ / Unranked),"Set unique, keyword-rich title tags (<60 chars)","Set unique, keyword-rich title tags (<60 chars)
Write compelling meta descriptions (150–160 chars)
Add proper heading hierarchy (H1 → H2 → H3)
Ensure page is indexable (no noindex, no canonical issues)
Add Open Graph and Twitter card meta tags"
https://simplyenak.com/es/tours/locations/chowrasta-market-food-tour,colony,location:chowrasta-market-food-tour,0.5,60,1,Foundation (Position 50+ / Unranked),"Set unique, keyword-rich title tags (<60 chars)","Set unique, keyword-rich title tags (<60 chars)
Write compelling meta descriptions (150–160 chars)
Add proper heading hierarchy (H1 → H2 → H3)
Ensure page is indexable (no noindex, no canonical issues)
Add Open Graph and Twitter card meta tags"
https://simplyenak.com/es/tours/locations/food-tours-ipoh,colony,location:food-tours-ipoh,0.5,60,1,Foundation (Position 50+ / Unranked),"Set unique, keyword-rich title tags (<60 chars)","Set unique, keyword-rich title tags (<60 chars)
Write compelling meta descriptions (150–160 chars)
Add proper heading hierarchy (H1 → H2 → H3)
Ensure page is indexable (no noindex, no canonical issues)
Add Open Graph and Twitter card meta tags"
https://simplyenak.com/es/tours/locations/food-tours-klang,colony,location:food-tours-klang,0.5,60,1,Foundation (Position 50+ / Unranked),"Set unique, keyword-rich title tags (<60 chars)","Set unique, keyword-rich title tags (<60 chars)
Write compelling meta descriptions (150–160 chars)
Add proper heading hierarchy (H1 → H2 → H3)
Ensure page is indexable (no noindex, no canonical issues)
Add Open Graph and Twitter card meta tags"
https://simplyenak.com/es/tours/locations/food-tours-kuala-lumpur,colony,location:food-tours-kuala-lumpur,0.5,60,1,Foundation (Position 50+ / Unranked),"Set unique, keyword-rich title tags (<60 chars)","Set unique, keyword-rich title tags (<60 chars)
Write compelling meta descriptions (150–160 chars)
Add proper heading hierarchy (H1 → H2 → H3)
Ensure page is indexable (no noindex, no canonical issues)
Add Open Graph and Twitter card meta tags"
https://simplyenak.com/es/tours/locations/food-tours-melaka,colony,location:food-tours-melaka,0.5,60,1,Foundation (Position 50+ / Unranked),"Set unique, keyword-rich title tags (<60 chars)","Set unique, keyword-rich title tags (<60 chars)
Write compelling meta descriptions (150–160 chars)
Add proper heading hierarchy (H1 → H2 → H3)
Ensure page is indexable (no noindex, no canonical issues)
Add Open Graph and Twitter card meta tags"
https://simplyenak.com/es/tours/locations/food-tours-penang,colony,location:food-tours-penang,0.5,60,1,Foundation (Position 50+ / Unranked),"Set unique, keyword-rich title tags (<60 chars)","Set unique, keyword-rich title tags (<60 chars)
Write compelling meta descriptions (150–160 chars)
Add proper heading hierarchy (H1 → H2 → H3)
Ensure page is indexable (no noindex, no canonical issues)
Add Open Graph and Twitter card meta tags"
https://simplyenak.com/es/tours/locations/georgetown-heritage-food-tour,colony,location:georgetown-heritage-food-tour,0.5,60,1,Foundation (Position 50+ / Unranked),"Set unique, keyword-rich title tags (<60 chars)","Set unique, keyword-rich title tags (<60 chars)
Write compelling meta descriptions (150–160 chars)
Add proper heading hierarchy (H1 → H2 → H3)
Ensure page is indexable (no noindex, no canonical issues)
Add Open Graph and Twitter card meta tags"
https://simplyenak.com/es/tours/locations/gurney-drive-food-tour,colony,location:gurney-drive-food-tour,0.5,60,1,Foundation (Position 50+ / Unranked),"Set unique, keyword-rich title tags (<60 chars)","Set unique, keyword-rich title tags (<60 chars)
Write compelling meta descriptions (150–160 chars)
Add proper heading hierarchy (H1 → H2 → H3)
Ensure page is indexable (no noindex, no canonical issues)
Add Open Graph and Twitter card meta tags"
https://simplyenak.com/es/tours/locations/kampung-baru-food-tour,colony,location:kampung-baru-food-tour,0.5,60,1,Foundation (Position 50+ / Unranked),"Set unique, keyword-rich title tags (<60 chars)","Set unique, keyword-rich title tags (<60 chars)
Write compelling meta descriptions (150–160 chars)
Add proper heading hierarchy (H1 → H2 → H3)
Ensure page is indexable (no noindex, no canonical issues)
Add Open Graph and Twitter card meta tags"
https://simplyenak.com/es/tours/locations/little-india-food-tour-kuala-lumpur,colony,location:little-india-food-tour-kuala-lumpur,0.5,60,1,Foundation (Position 50+ / Unranked),"Set unique, keyword-rich title tags (<60 chars)","Set unique, keyword-rich title tags (<60 chars)
Write compelling meta descriptions (150–160 chars)
Add proper heading hierarchy (H1 → H2 → H3)
Ensure page is indexable (no noindex, no canonical issues)
Add Open Graph and Twitter card meta tags"
https://simplyenak.com/es/tours/locations/little-india-food-tour-penang,colony,location:little-india-food-tour-penang,0.5,60,1,Foundation (Position 50+ / Unranked),"Set unique, keyword-rich title tags (<60 chars)","Set unique, keyword-rich title tags (<60 chars)
Write compelling meta descriptions (150–160 chars)
Add proper heading hierarchy (H1 → H2 → H3)
Ensure page is indexable (no noindex, no canonical issues)
Add Open Graph and Twitter card meta tags"
https://simplyenak.com/es/tours/segments/food-tours-for-chefs,colony,segment:food-tours-for-chefs,0.5,60,1,Foundation (Position 50+ / Unranked),"Set unique, keyword-rich title tags (<60 chars)","Set unique, keyword-rich title tags (<60 chars)
Write compelling meta descriptions (150–160 chars)
Add proper heading hierarchy (H1 → H2 → H3)
Ensure page is indexable (no noindex, no canonical issues)
Add Open Graph and Twitter card meta tags"
https://simplyenak.com/es/tours/segments/food-tours-for-couples-kuala-lumpur,colony,segment:food-tours-for-couples-kuala-lumpur,0.5,60,1,Foundation (Position 50+ / Unranked),"Set unique, keyword-rich title tags (<60 chars)","Set unique, keyword-rich title tags (<60 chars)
Write compelling meta descriptions (150–160 chars)
Add proper heading hierarchy (H1 → H2 → H3)
Ensure page is indexable (no noindex, no canonical issues)
Add Open Graph and Twitter card meta tags"
https://simplyenak.com/es/tours/segments/food-tours-for-couples-penang,colony,segment:food-tours-for-couples-penang,0.5,60,1,Foundation (Position 50+ / Unranked),"Set unique, keyword-rich title tags (<60 chars)","Set unique, keyword-rich title tags (<60 chars)
Write compelling meta descriptions (150–160 chars)
Add proper heading hierarchy (H1 → H2 → H3)
Ensure page is indexable (no noindex, no canonical issues)
Add Open Graph and Twitter card meta tags"
https://simplyenak.com/es/tours/segments/food-tours-for-families-kuala-lumpur,colony,segment:food-tours-for-families-kuala-lumpur,0.5,60,1,Foundation (Position 50+ / Unranked),"Set unique, keyword-rich title tags (<60 chars)","Set unique, keyword-rich title tags (<60 chars)
Write compelling meta descriptions (150–160 chars)
Add proper heading hierarchy (H1 → H2 → H3)
Ensure page is indexable (no noindex, no canonical issues)
Add Open Graph and Twitter card meta tags"
https://simplyenak.com/es/tours/segments/food-tours-for-families-penang,colony,segment:food-tours-for-families-penang,0.5,60,1,Foundation (Position 50+ / Unranked),"Set unique, keyword-rich title tags (<60 chars)","Set unique, keyword-rich title tags (<60 chars)
Write compelling meta descriptions (150–160 chars)
Add proper heading hierarchy (H1 → H2 → H3)
Ensure page is indexable (no noindex, no canonical issues)
Add Open Graph and Twitter card meta tags"
https://simplyenak.com/es/tours/segments/food-tours-for-foodies-kuala-lumpur,colony,segment:food-tours-for-foodies-kuala-lumpur,0.5,60,1,Foundation (Position 50+ / Unranked),"Set unique, keyword-rich title tags (<60 chars)","Set unique, keyword-rich title tags (<60 chars)
Write compelling meta descriptions (150–160 chars)
Add proper heading hierarchy (H1 → H2 → H3)
Ensure page is indexable (no noindex, no canonical issues)
Add Open Graph and Twitter card meta tags"
https://simplyenak.com/es/tours/segments/food-tours-for-foodies-penang,colony,segment:food-tours-for-foodies-penang,0.5,60,1,Foundation (Position 50+ / Unranked),"Set unique, keyword-rich title tags (<60 chars)","Set unique, keyword-rich title tags (<60 chars)
Write compelling meta descriptions (150–160 chars)
Add proper heading hierarchy (H1 → H2 → H3)
Ensure page is indexable (no noindex, no canonical issues)
Add Open Graph and Twitter card meta tags"
https://simplyenak.com/es/tours/segments/food-tours-for-wedding-groups,colony,segment:food-tours-for-wedding-groups,0.5,60,1,Foundation (Position 50+ / Unranked),"Set unique, keyword-rich title tags (<60 chars)","Set unique, keyword-rich title tags (<60 chars)
Write compelling meta descriptions (150–160 chars)
Add proper heading hierarchy (H1 → H2 → H3)
Ensure page is indexable (no noindex, no canonical issues)
Add Open Graph and Twitter card meta tags"
https://simplyenak.com/es/tours/specialty/heritage-food-tours,colony,specialty:heritage-food-tours,0.5,60,1,Foundation (Position 50+ / Unranked),"Set unique, keyword-rich title tags (<60 chars)","Set unique, keyword-rich title tags (<60 chars)
Write compelling meta descriptions (150–160 chars)
Add proper heading hierarchy (H1 → H2 → H3)
Ensure page is indexable (no noindex, no canonical issues)
Add Open Graph and Twitter card meta tags"
https://simplyenak.com/es/tours/specialty/heritage-food-tours-kuala-lumpur,colony,specialty:heritage-food-tours-kuala-lumpur,0.5,60,1,Foundation (Position 50+ / Unranked),"Set unique, keyword-rich title tags (<60 chars)","Set unique, keyword-rich title tags (<60 chars)
Write compelling meta descriptions (150–160 chars)
Add proper heading hierarchy (H1 → H2 → H3)
Ensure page is indexable (no noindex, no canonical issues)
Add Open Graph and Twitter card meta tags"
https://simplyenak.com/es/tours/specialty/heritage-food-tours-penang,colony,specialty:heritage-food-tours-penang,0.5,60,1,Foundation (Position 50+ / Unranked),"Set unique, keyword-rich title tags (<60 chars)","Set unique, keyword-rich title tags (<60 chars)
Write compelling meta descriptions (150–160 chars)
Add proper heading hierarchy (H1 → H2 → H3)
Ensure page is indexable (no noindex, no canonical issues)
Add Open Graph and Twitter card meta tags"
https://simplyenak.com/es/tours/specialty/market-tours,colony,specialty:market-tours,0.5,60,1,Foundation (Position 50+ / Unranked),"Set unique, keyword-rich title tags (<60 chars)","Set unique, keyword-rich title tags (<60 chars)
Write compelling meta descriptions (150–160 chars)
Add proper heading hierarchy (H1 → H2 → H3)
Ensure page is indexable (no noindex, no canonical issues)
Add Open Graph and Twitter card meta tags"
https://simplyenak.com/es/tours/specialty/market-tours-kuala-lumpur,colony,specialty:market-tours-kuala-lumpur,0.5,60,1,Foundation (Position 50+ / Unranked),"Set unique, keyword-rich title tags (<60 chars)","Set unique, keyword-rich title tags (<60 chars)
Write compelling meta descriptions (150–160 chars)
Add proper heading hierarchy (H1 → H2 → H3)
Ensure page is indexable (no noindex, no canonical issues)
Add Open Graph and Twitter card meta tags"
https://simplyenak.com/es/tours/specialty/market-tours-penang,colony,specialty:market-tours-penang,0.5,60,1,Foundation (Position 50+ / Unranked),"Set unique, keyword-rich title tags (<60 chars)","Set unique, keyword-rich title tags (<60 chars)
Write compelling meta descriptions (150–160 chars)
Add proper heading hierarchy (H1 → H2 → H3)
Ensure page is indexable (no noindex, no canonical issues)
Add Open Graph and Twitter card meta tags"
https://simplyenak.com/es/tours/specialty/night-food-tours,colony,specialty:night-food-tours,0.5,60,1,Foundation (Position 50+ / Unranked),"Set unique, keyword-rich title tags (<60 chars)","Set unique, keyword-rich title tags (<60 chars)
Write compelling meta descriptions (150–160 chars)
Add proper heading hierarchy (H1 → H2 → H3)
Ensure page is indexable (no noindex, no canonical issues)
Add Open Graph and Twitter card meta tags"
https://simplyenak.com/es/tours/specialty/night-food-tours-kuala-lumpur,colony,specialty:night-food-tours-kuala-lumpur,0.5,60,1,Foundation (Position 50+ / Unranked),"Set unique, keyword-rich title tags (<60 chars)","Set unique, keyword-rich title tags (<60 chars)
Write compelling meta descriptions (150–160 chars)
Add proper heading hierarchy (H1 → H2 → H3)
Ensure page is indexable (no noindex, no canonical issues)
Add Open Graph and Twitter card meta tags"
https://simplyenak.com/es/tours/specialty/night-food-tours-penang,colony,specialty:night-food-tours-penang,0.5,60,1,Foundation (Position 50+ / Unranked),"Set unique, keyword-rich title tags (<60 chars)","Set unique, keyword-rich title tags (<60 chars)
Write compelling meta descriptions (150–160 chars)
Add proper heading hierarchy (H1 → H2 → H3)
Ensure page is indexable (no noindex, no canonical issues)
Add Open Graph and Twitter card meta tags"
https://simplyenak.com/es/tours/specialty/street-food-tours,colony,specialty:street-food-tours,0.5,60,1,Foundation (Position 50+ / Unranked),"Set unique, keyword-rich title tags (<60 chars)","Set unique, keyword-rich title tags (<60 chars)
Write compelling meta descriptions (150–160 chars)
Add proper heading hierarchy (H1 → H2 → H3)
Ensure page is indexable (no noindex, no canonical issues)
Add Open Graph and Twitter card meta tags"
https://simplyenak.com/es/tours/specialty/street-food-tours-kuala-lumpur,colony,specialty:street-food-tours-kuala-lumpur,0.5,60,1,Foundation (Position 50+ / Unranked),"Set unique, keyword-rich title tags (<60 chars)","Set unique, keyword-rich title tags (<60 chars)
Write compelling meta descriptions (150–160 chars)
Add proper heading hierarchy (H1 → H2 → H3)
Ensure page is indexable (no noindex, no canonical issues)
Add Open Graph and Twitter card meta tags"
https://simplyenak.com/es/tours/specialty/street-food-tours-penang,colony,specialty:street-food-tours-penang,0.5,60,1,Foundation (Position 50+ / Unranked),"Set unique, keyword-rich title tags (<60 chars)","Set unique, keyword-rich title tags (<60 chars)
Write compelling meta descriptions (150–160 chars)
Add proper heading hierarchy (H1 → H2 → H3)
Ensure page is indexable (no noindex, no canonical issues)
Add Open Graph and Twitter card meta tags"
https://simplyenak.com/fr/tours/dietary/gluten-free-food-tours,colony,dietary:gluten-free-food-tours,0.5,60,1,Foundation (Position 50+ / Unranked),"Set unique, keyword-rich title tags (<60 chars)","Set unique, keyword-rich title tags (<60 chars)
Write compelling meta descriptions (150–160 chars)
Add proper heading hierarchy (H1 → H2 → H3)
Ensure page is indexable (no noindex, no canonical issues)
Add Open Graph and Twitter card meta tags"
https://simplyenak.com/fr/tours/dietary/gluten-free-food-tours-kuala-lumpur,colony,dietary:gluten-free-food-tours-kuala-lumpur,0.5,60,1,Foundation (Position 50+ / Unranked),"Set unique, keyword-rich title tags (<60 chars)","Set unique, keyword-rich title tags (<60 chars)
Write compelling meta descriptions (150–160 chars)
Add proper heading hierarchy (H1 → H2 → H3)
Ensure page is indexable (no noindex, no canonical issues)
Add Open Graph and Twitter card meta tags"
https://simplyenak.com/fr/tours/dietary/gluten-free-food-tours-penang,colony,dietary:gluten-free-food-tours-penang,0.5,60,1,Foundation (Position 50+ / Unranked),"Set unique, keyword-rich title tags (<60 chars)","Set unique, keyword-rich title tags (<60 chars)
Write compelling meta descriptions (150–160 chars)
Add proper heading hierarchy (H1 → H2 → H3)
Ensure page is indexable (no noindex, no canonical issues)
Add Open Graph and Twitter card meta tags"
https://simplyenak.com/fr/tours/dietary/halal-food-tours,colony,dietary:halal-food-tours,0.5,60,1,Foundation (Position 50+ / Unranked),"Set unique, keyword-rich title tags (<60 chars)","Set unique, keyword-rich title tags (<60 chars)
Write compelling meta descriptions (150–160 chars)
Add proper heading hierarchy (H1 → H2 → H3)
Ensure page is indexable (no noindex, no canonical issues)
Add Open Graph and Twitter card meta tags"
https://simplyenak.com/fr/tours/dietary/halal-food-tours-kuala-lumpur,colony,dietary:halal-food-tours-kuala-lumpur,0.5,60,1,Foundation (Position 50+ / Unranked),"Set unique, keyword-rich title tags (<60 chars)","Set unique, keyword-rich title tags (<60 chars)
Write compelling meta descriptions (150–160 chars)
Add proper heading hierarchy (H1 → H2 → H3)
Ensure page is indexable (no noindex, no canonical issues)
Add Open Graph and Twitter card meta tags"
https://simplyenak.com/fr/tours/dietary/halal-food-tours-penang,colony,dietary:halal-food-tours-penang,0.5,60,1,Foundation (Position 50+ / Unranked),"Set unique, keyword-rich title tags (<60 chars)","Set unique, keyword-rich title tags (<60 chars)
Write compelling meta descriptions (150–160 chars)
Add proper heading hierarchy (H1 → H2 → H3)
Ensure page is indexable (no noindex, no canonical issues)
Add Open Graph and Twitter card meta tags"
https://simplyenak.com/fr/tours/dietary/jain-food-tours,colony,dietary:jain-food-tours,0.5,60,1,Foundation (Position 50+ / Unranked),"Set unique, keyword-rich title tags (<60 chars)","Set unique, keyword-rich title tags (<60 chars)
Write compelling meta descriptions (150–160 chars)
Add proper heading hierarchy (H1 → H2 → H3)
Ensure page is indexable (no noindex, no canonical issues)
Add Open Graph and Twitter card meta tags"
https://simplyenak.com/fr/tours/dietary/jain-food-tours-kuala-lumpur,colony,dietary:jain-food-tours-kuala-lumpur,0.5,60,1,Foundation (Position 50+ / Unranked),"Set unique, keyword-rich title tags (<60 chars)","Set unique, keyword-rich title tags (<60 chars)
Write compelling meta descriptions (150–160 chars)
Add proper heading hierarchy (H1 → H2 → H3)
Ensure page is indexable (no noindex, no canonical issues)
Add Open Graph and Twitter card meta tags"
https://simplyenak.com/fr/tours/dietary/jain-food-tours-penang,colony,dietary:jain-food-tours-penang,0.5,60,1,Foundation (Position 50+ / Unranked),"Set unique, keyword-rich title tags (<60 chars)","Set unique, keyword-rich title tags (<60 chars)
Write compelling meta descriptions (150–160 chars)
Add proper heading hierarchy (H1 → H2 → H3)
Ensure page is indexable (no noindex, no canonical issues)
Add Open Graph and Twitter card meta tags"
https://simplyenak.com/fr/tours/dietary/vegan-food-tours,colony,dietary:vegan-food-tours,0.5,60,1,Foundation (Position 50+ / Unranked),"Set unique, keyword-rich title tags (<60 chars)","Set unique, keyword-rich title tags (<60 chars)
Write compelling meta descriptions (150–160 chars)
Add proper heading hierarchy (H1 → H2 → H3)
Ensure page is indexable (no noindex, no canonical issues)
Add Open Graph and Twitter card meta tags"
https://simplyenak.com/fr/tours/dietary/vegan-food-tours-kuala-lumpur,colony,dietary:vegan-food-tours-kuala-lumpur,0.5,60,1,Foundation (Position 50+ / Unranked),"Set unique, keyword-rich title tags (<60 chars)","Set unique, keyword-rich title tags (<60 chars)
Write compelling meta descriptions (150–160 chars)
Add proper heading hierarchy (H1 → H2 → H3)
Ensure page is indexable (no noindex, no canonical issues)
Add Open Graph and Twitter card meta tags"
https://simplyenak.com/fr/tours/dietary/vegan-food-tours-penang,colony,dietary:vegan-food-tours-penang,0.5,60,1,Foundation (Position 50+ / Unranked),"Set unique, keyword-rich title tags (<60 chars)","Set unique, keyword-rich title tags (<60 chars)
Write compelling meta descriptions (150–160 chars)
Add proper heading hierarchy (H1 → H2 → H3)
Ensure page is indexable (no noindex, no canonical issues)
Add Open Graph and Twitter card meta tags"
https://simplyenak.com/fr/tours/dietary/vegetarian-food-tours,colony,dietary:vegetarian-food-tours,0.5,60,1,Foundation (Position 50+ / Unranked),"Set unique, keyword-rich title tags (<60 chars)","Set unique, keyword-rich title tags (<60 chars)
Write compelling meta descriptions (150–160 chars)
Add proper heading hierarchy (H1 → H2 → H3)
Ensure page is indexable (no noindex, no canonical issues)
Add Open Graph and Twitter card meta tags"
https://simplyenak.com/fr/tours/dietary/vegetarian-food-tours-kuala-lumpur,colony,dietary:vegetarian-food-tours-kuala-lumpur,0.5,60,1,Foundation (Position 50+ / Unranked),"Set unique, keyword-rich title tags (<60 chars)","Set unique, keyword-rich title tags (<60 chars)
Write compelling meta descriptions (150–160 chars)
Add proper heading hierarchy (H1 → H2 → H3)
Ensure page is indexable (no noindex, no canonical issues)
Add Open Graph and Twitter card meta tags"
https://simplyenak.com/fr/tours/dietary/vegetarian-food-tours-penang,colony,dietary:vegetarian-food-tours-penang,0.5,60,1,Foundation (Position 50+ / Unranked),"Set unique, keyword-rich title tags (<60 chars)","Set unique, keyword-rich title tags (<60 chars)
Write compelling meta descriptions (150–160 chars)
Add proper heading hierarchy (H1 → H2 → H3)
Ensure page is indexable (no noindex, no canonical issues)
Add Open Graph and Twitter card meta tags"
https://simplyenak.com/fr/tours/locations/chinatown-food-tour-kuala-lumpur,colony,location:chinatown-food-tour-kuala-lumpur,0.5,60,1,Foundation (Position 50+ / Unranked),"Set unique, keyword-rich title tags (<60 chars)","Set unique, keyword-rich title tags (<60 chars)
Write compelling meta descriptions (150–160 chars)
Add proper heading hierarchy (H1 → H2 → H3)
Ensure page is indexable (no noindex, no canonical issues)
Add Open Graph and Twitter card meta tags"
https://simplyenak.com/fr/tours/locations/chow-kit-market-food-tour,colony,location:chow-kit-market-food-tour,0.5,60,1,Foundation (Position 50+ / Unranked),"Set unique, keyword-rich title tags (<60 chars)","Set unique, keyword-rich title tags (<60 chars)
Write compelling meta descriptions (150–160 chars)
Add proper heading hierarchy (H1 → H2 → H3)
Ensure page is indexable (no noindex, no canonical issues)
Add Open Graph and Twitter card meta tags"
https://simplyenak.com/fr/tours/locations/chowrasta-market-food-tour,colony,location:chowrasta-market-food-tour,0.5,60,1,Foundation (Position 50+ / Unranked),"Set unique, keyword-rich title tags (<60 chars)","Set unique, keyword-rich title tags (<60 chars)
Write compelling meta descriptions (150–160 chars)
Add proper heading hierarchy (H1 → H2 → H3)
Ensure page is indexable (no noindex, no canonical issues)
Add Open Graph and Twitter card meta tags"
https://simplyenak.com/fr/tours/locations/food-tours-ipoh,colony,location:food-tours-ipoh,0.5,60,1,Foundation (Position 50+ / Unranked),"Set unique, keyword-rich title tags (<60 chars)","Set unique, keyword-rich title tags (<60 chars)
Write compelling meta descriptions (150–160 chars)
Add proper heading hierarchy (H1 → H2 → H3)
Ensure page is indexable (no noindex, no canonical issues)
Add Open Graph and Twitter card meta tags"
https://simplyenak.com/fr/tours/locations/food-tours-klang,colony,location:food-tours-klang,0.5,60,1,Foundation (Position 50+ / Unranked),"Set unique, keyword-rich title tags (<60 chars)","Set unique, keyword-rich title tags (<60 chars)
Write compelling meta descriptions (150–160 chars)
Add proper heading hierarchy (H1 → H2 → H3)
Ensure page is indexable (no noindex, no canonical issues)
Add Open Graph and Twitter card meta tags"
https://simplyenak.com/fr/tours/locations/food-tours-kuala-lumpur,colony,location:food-tours-kuala-lumpur,0.5,60,1,Foundation (Position 50+ / Unranked),"Set unique, keyword-rich title tags (<60 chars)","Set unique, keyword-rich title tags (<60 chars)
Write compelling meta descriptions (150–160 chars)
Add proper heading hierarchy (H1 → H2 → H3)
Ensure page is indexable (no noindex, no canonical issues)
Add Open Graph and Twitter card meta tags"
https://simplyenak.com/fr/tours/locations/food-tours-melaka,colony,location:food-tours-melaka,0.5,60,1,Foundation (Position 50+ / Unranked),"Set unique, keyword-rich title tags (<60 chars)","Set unique, keyword-rich title tags (<60 chars)
Write compelling meta descriptions (150–160 chars)
Add proper heading hierarchy (H1 → H2 → H3)
Ensure page is indexable (no noindex, no canonical issues)
Add Open Graph and Twitter card meta tags"
https://simplyenak.com/fr/tours/locations/food-tours-penang,colony,location:food-tours-penang,0.5,60,1,Foundation (Position 50+ / Unranked),"Set unique, keyword-rich title tags (<60 chars)","Set unique, keyword-rich title tags (<60 chars)
Write compelling meta descriptions (150–160 chars)
Add proper heading hierarchy (H1 → H2 → H3)
Ensure page is indexable (no noindex, no canonical issues)
Add Open Graph and Twitter card meta tags"
https://simplyenak.com/fr/tours/locations/georgetown-heritage-food-tour,colony,location:georgetown-heritage-food-tour,0.5,60,1,Foundation (Position 50+ / Unranked),"Set unique, keyword-rich title tags (<60 chars)","Set unique, keyword-rich title tags (<60 chars)
Write compelling meta descriptions (150–160 chars)
Add proper heading hierarchy (H1 → H2 → H3)
Ensure page is indexable (no noindex, no canonical issues)
Add Open Graph and Twitter card meta tags"
https://simplyenak.com/fr/tours/locations/gurney-drive-food-tour,colony,location:gurney-drive-food-tour,0.5,60,1,Foundation (Position 50+ / Unranked),"Set unique, keyword-rich title tags (<60 chars)","Set unique, keyword-rich title tags (<60 chars)
Write compelling meta descriptions (150–160 chars)
Add proper heading hierarchy (H1 → H2 → H3)
Ensure page is indexable (no noindex, no canonical issues)
Add Open Graph and Twitter card meta tags"
https://simplyenak.com/fr/tours/locations/kampung-baru-food-tour,colony,location:kampung-baru-food-tour,0.5,60,1,Foundation (Position 50+ / Unranked),"Set unique, keyword-rich title tags (<60 chars)","Set unique, keyword-rich title tags (<60 chars)
Write compelling meta descriptions (150–160 chars)
Add proper heading hierarchy (H1 → H2 → H3)
Ensure page is indexable (no noindex, no canonical issues)
Add Open Graph and Twitter card meta tags"
https://simplyenak.com/fr/tours/locations/little-india-food-tour-kuala-lumpur,colony,location:little-india-food-tour-kuala-lumpur,0.5,60,1,Foundation (Position 50+ / Unranked),"Set unique, keyword-rich title tags (<60 chars)","Set unique, keyword-rich title tags (<60 chars)
Write compelling meta descriptions (150–160 chars)
Add proper heading hierarchy (H1 → H2 → H3)
Ensure page is indexable (no noindex, no canonical issues)
Add Open Graph and Twitter card meta tags"
https://simplyenak.com/fr/tours/locations/little-india-food-tour-penang,colony,location:little-india-food-tour-penang,0.5,60,1,Foundation (Position 50+ / Unranked),"Set unique, keyword-rich title tags (<60 chars)","Set unique, keyword-rich title tags (<60 chars)
Write compelling meta descriptions (150–160 chars)
Add proper heading hierarchy (H1 → H2 → H3)
Ensure page is indexable (no noindex, no canonical issues)
Add Open Graph and Twitter card meta tags"
https://simplyenak.com/fr/tours/segments/food-tours-for-chefs,colony,segment:food-tours-for-chefs,0.5,60,1,Foundation (Position 50+ / Unranked),"Set unique, keyword-rich title tags (<60 chars)","Set unique, keyword-rich title tags (<60 chars)
Write compelling meta descriptions (150–160 chars)
Add proper heading hierarchy (H1 → H2 → H3)
Ensure page is indexable (no noindex, no canonical issues)
Add Open Graph and Twitter card meta tags"
https://simplyenak.com/fr/tours/segments/food-tours-for-couples-kuala-lumpur,colony,segment:food-tours-for-couples-kuala-lumpur,0.5,60,1,Foundation (Position 50+ / Unranked),"Set unique, keyword-rich title tags (<60 chars)","Set unique, keyword-rich title tags (<60 chars)
Write compelling meta descriptions (150–160 chars)
Add proper heading hierarchy (H1 → H2 → H3)
Ensure page is indexable (no noindex, no canonical issues)
Add Open Graph and Twitter card meta tags"
https://simplyenak.com/fr/tours/segments/food-tours-for-couples-penang,colony,segment:food-tours-for-couples-penang,0.5,60,1,Foundation (Position 50+ / Unranked),"Set unique, keyword-rich title tags (<60 chars)","Set unique, keyword-rich title tags (<60 chars)
Write compelling meta descriptions (150–160 chars)
Add proper heading hierarchy (H1 → H2 → H3)
Ensure page is indexable (no noindex, no canonical issues)
Add Open Graph and Twitter card meta tags"
https://simplyenak.com/fr/tours/segments/food-tours-for-families-kuala-lumpur,colony,segment:food-tours-for-families-kuala-lumpur,0.5,60,1,Foundation (Position 50+ / Unranked),"Set unique, keyword-rich title tags (<60 chars)","Set unique, keyword-rich title tags (<60 chars)
Write compelling meta descriptions (150–160 chars)
Add proper heading hierarchy (H1 → H2 → H3)
Ensure page is indexable (no noindex, no canonical issues)
Add Open Graph and Twitter card meta tags"
https://simplyenak.com/fr/tours/segments/food-tours-for-families-penang,colony,segment:food-tours-for-families-penang,0.5,60,1,Foundation (Position 50+ / Unranked),"Set unique, keyword-rich title tags (<60 chars)","Set unique, keyword-rich title tags (<60 chars)
Write compelling meta descriptions (150–160 chars)
Add proper heading hierarchy (H1 → H2 → H3)
Ensure page is indexable (no noindex, no canonical issues)
Add Open Graph and Twitter card meta tags"
https://simplyenak.com/fr/tours/segments/food-tours-for-foodies-kuala-lumpur,colony,segment:food-tours-for-foodies-kuala-lumpur,0.5,60,1,Foundation (Position 50+ / Unranked),"Set unique, keyword-rich title tags (<60 chars)","Set unique, keyword-rich title tags (<60 chars)
Write compelling meta descriptions (150–160 chars)
Add proper heading hierarchy (H1 → H2 → H3)
Ensure page is indexable (no noindex, no canonical issues)
Add Open Graph and Twitter card meta tags"
https://simplyenak.com/fr/tours/segments/food-tours-for-foodies-penang,colony,segment:food-tours-for-foodies-penang,0.5,60,1,Foundation (Position 50+ / Unranked),"Set unique, keyword-rich title tags (<60 chars)","Set unique, keyword-rich title tags (<60 chars)
Write compelling meta descriptions (150–160 chars)
Add proper heading hierarchy (H1 → H2 → H3)
Ensure page is indexable (no noindex, no canonical issues)
Add Open Graph and Twitter card meta tags"
https://simplyenak.com/fr/tours/segments/food-tours-for-wedding-groups,colony,segment:food-tours-for-wedding-groups,0.5,60,1,Foundation (Position 50+ / Unranked),"Set unique, keyword-rich title tags (<60 chars)","Set unique, keyword-rich title tags (<60 chars)
Write compelling meta descriptions (150–160 chars)
Add proper heading hierarchy (H1 → H2 → H3)
Ensure page is indexable (no noindex, no canonical issues)
Add Open Graph and Twitter card meta tags"
https://simplyenak.com/fr/tours/specialty/heritage-food-tours,colony,specialty:heritage-food-tours,0.5,60,1,Foundation (Position 50+ / Unranked),"Set unique, keyword-rich title tags (<60 chars)","Set unique, keyword-rich title tags (<60 chars)
Write compelling meta descriptions (150–160 chars)
Add proper heading hierarchy (H1 → H2 → H3)
Ensure page is indexable (no noindex, no canonical issues)
Add Open Graph and Twitter card meta tags"
https://simplyenak.com/fr/tours/specialty/heritage-food-tours-kuala-lumpur,colony,specialty:heritage-food-tours-kuala-lumpur,0.5,60,1,Foundation (Position 50+ / Unranked),"Set unique, keyword-rich title tags (<60 chars)","Set unique, keyword-rich title tags (<60 chars)
Write compelling meta descriptions (150–160 chars)
Add proper heading hierarchy (H1 → H2 → H3)
Ensure page is indexable (no noindex, no canonical issues)
Add Open Graph and Twitter card meta tags"
https://simplyenak.com/fr/tours/specialty/heritage-food-tours-penang,colony,specialty:heritage-food-tours-penang,0.5,60,1,Foundation (Position 50+ / Unranked),"Set unique, keyword-rich title tags (<60 chars)","Set unique, keyword-rich title tags (<60 chars)
Write compelling meta descriptions (150–160 chars)
Add proper heading hierarchy (H1 → H2 → H3)
Ensure page is indexable (no noindex, no canonical issues)
Add Open Graph and Twitter card meta tags"
https://simplyenak.com/fr/tours/specialty/market-tours,colony,specialty:market-tours,0.5,60,1,Foundation (Position 50+ / Unranked),"Set unique, keyword-rich title tags (<60 chars)","Set unique, keyword-rich title tags (<60 chars)
Write compelling meta descriptions (150–160 chars)
Add proper heading hierarchy (H1 → H2 → H3)
Ensure page is indexable (no noindex, no canonical issues)
Add Open Graph and Twitter card meta tags"
https://simplyenak.com/fr/tours/specialty/market-tours-kuala-lumpur,colony,specialty:market-tours-kuala-lumpur,0.5,60,1,Foundation (Position 50+ / Unranked),"Set unique, keyword-rich title tags (<60 chars)","Set unique, keyword-rich title tags (<60 chars)
Write compelling meta descriptions (150–160 chars)
Add proper heading hierarchy (H1 → H2 → H3)
Ensure page is indexable (no noindex, no canonical issues)
Add Open Graph and Twitter card meta tags"
https://simplyenak.com/fr/tours/specialty/market-tours-penang,colony,specialty:market-tours-penang,0.5,60,1,Foundation (Position 50+ / Unranked),"Set unique, keyword-rich title tags (<60 chars)","Set unique, keyword-rich title tags (<60 chars)
Write compelling meta descriptions (150–160 chars)
Add proper heading hierarchy (H1 → H2 → H3)
Ensure page is indexable (no noindex, no canonical issues)
Add Open Graph and Twitter card meta tags"
https://simplyenak.com/fr/tours/specialty/night-food-tours,colony,specialty:night-food-tours,0.5,60,1,Foundation (Position 50+ / Unranked),"Set unique, keyword-rich title tags (<60 chars)","Set unique, keyword-rich title tags (<60 chars)
Write compelling meta descriptions (150–160 chars)
Add proper heading hierarchy (H1 → H2 → H3)
Ensure page is indexable (no noindex, no canonical issues)
Add Open Graph and Twitter card meta tags"
https://simplyenak.com/fr/tours/specialty/night-food-tours-kuala-lumpur,colony,specialty:night-food-tours-kuala-lumpur,0.5,60,1,Foundation (Position 50+ / Unranked),"Set unique, keyword-rich title tags (<60 chars)","Set unique, keyword-rich title tags (<60 chars)
Write compelling meta descriptions (150–160 chars)
Add proper heading hierarchy (H1 → H2 → H3)
Ensure page is indexable (no noindex, no canonical issues)
Add Open Graph and Twitter card meta tags"
https://simplyenak.com/fr/tours/specialty/night-food-tours-penang,colony,specialty:night-food-tours-penang,0.5,60,1,Foundation (Position 50+ / Unranked),"Set unique, keyword-rich title tags (<60 chars)","Set unique, keyword-rich title tags (<60 chars)
Write compelling meta descriptions (150–160 chars)
Add proper heading hierarchy (H1 → H2 → H3)
Ensure page is indexable (no noindex, no canonical issues)
Add Open Graph and Twitter card meta tags"
https://simplyenak.com/fr/tours/specialty/street-food-tours,colony,specialty:street-food-tours,0.5,60,1,Foundation (Position 50+ / Unranked),"Set unique, keyword-rich title tags (<60 chars)","Set unique, keyword-rich title tags (<60 chars)
Write compelling meta descriptions (150–160 chars)
Add proper heading hierarchy (H1 → H2 → H3)
Ensure page is indexable (no noindex, no canonical issues)
Add Open Graph and Twitter card meta tags"
https://simplyenak.com/fr/tours/specialty/street-food-tours-kuala-lumpur,colony,specialty:street-food-tours-kuala-lumpur,0.5,60,1,Foundation (Position 50+ / Unranked),"Set unique, keyword-rich title tags (<60 chars)","Set unique, keyword-rich title tags (<60 chars)
Write compelling meta descriptions (150–160 chars)
Add proper heading hierarchy (H1 → H2 → H3)
Ensure page is indexable (no noindex, no canonical issues)
Add Open Graph and Twitter card meta tags"
https://simplyenak.com/fr/tours/specialty/street-food-tours-penang,colony,specialty:street-food-tours-penang,0.5,60,1,Foundation (Position 50+ / Unranked),"Set unique, keyword-rich title tags (<60 chars)","Set unique, keyword-rich title tags (<60 chars)
Write compelling meta descriptions (150–160 chars)
Add proper heading hierarchy (H1 → H2 → H3)
Ensure page is indexable (no noindex, no canonical issues)
Add Open Graph and Twitter card meta tags"
https://simplyenak.com/ja/tours/dietary/gluten-free-food-tours,colony,dietary:gluten-free-food-tours,0.5,60,1,Foundation (Position 50+ / Unranked),"Set unique, keyword-rich title tags (<60 chars)","Set unique, keyword-rich title tags (<60 chars)
Write compelling meta descriptions (150–160 chars)
Add proper heading hierarchy (H1 → H2 → H3)
Ensure page is indexable (no noindex, no canonical issues)
Add Open Graph and Twitter card meta tags"
https://simplyenak.com/ja/tours/dietary/gluten-free-food-tours-kuala-lumpur,colony,dietary:gluten-free-food-tours-kuala-lumpur,0.5,60,1,Foundation (Position 50+ / Unranked),"Set unique, keyword-rich title tags (<60 chars)","Set unique, keyword-rich title tags (<60 chars)
Write compelling meta descriptions (150–160 chars)
Add proper heading hierarchy (H1 → H2 → H3)
Ensure page is indexable (no noindex, no canonical issues)
Add Open Graph and Twitter card meta tags"
https://simplyenak.com/ja/tours/dietary/gluten-free-food-tours-penang,colony,dietary:gluten-free-food-tours-penang,0.5,60,1,Foundation (Position 50+ / Unranked),"Set unique, keyword-rich title tags (<60 chars)","Set unique, keyword-rich title tags (<60 chars)
Write compelling meta descriptions (150–160 chars)
Add proper heading hierarchy (H1 → H2 → H3)
Ensure page is indexable (no noindex, no canonical issues)
Add Open Graph and Twitter card meta tags"
https://simplyenak.com/ja/tours/dietary/halal-food-tours,colony,dietary:halal-food-tours,0.5,60,1,Foundation (Position 50+ / Unranked),"Set unique, keyword-rich title tags (<60 chars)","Set unique, keyword-rich title tags (<60 chars)
Write compelling meta descriptions (150–160 chars)
Add proper heading hierarchy (H1 → H2 → H3)
Ensure page is indexable (no noindex, no canonical issues)
Add Open Graph and Twitter card meta tags"
https://simplyenak.com/ja/tours/dietary/halal-food-tours-kuala-lumpur,colony,dietary:halal-food-tours-kuala-lumpur,0.5,60,1,Foundation (Position 50+ / Unranked),"Set unique, keyword-rich title tags (<60 chars)","Set unique, keyword-rich title tags (<60 chars)
Write compelling meta descriptions (150–160 chars)
Add proper heading hierarchy (H1 → H2 → H3)
Ensure page is indexable (no noindex, no canonical issues)
Add Open Graph and Twitter card meta tags"
https://simplyenak.com/ja/tours/dietary/halal-food-tours-penang,colony,dietary:halal-food-tours-penang,0.5,60,1,Foundation (Position 50+ / Unranked),"Set unique, keyword-rich title tags (<60 chars)","Set unique, keyword-rich title tags (<60 chars)
Write compelling meta descriptions (150–160 chars)
Add proper heading hierarchy (H1 → H2 → H3)
Ensure page is indexable (no noindex, no canonical issues)
Add Open Graph and Twitter card meta tags"
https://simplyenak.com/ja/tours/dietary/jain-food-tours,colony,dietary:jain-food-tours,0.5,60,1,Foundation (Position 50+ / Unranked),"Set unique, keyword-rich title tags (<60 chars)","Set unique, keyword-rich title tags (<60 chars)
Write compelling meta descriptions (150–160 chars)
Add proper heading hierarchy (H1 → H2 → H3)
Ensure page is indexable (no noindex, no canonical issues)
Add Open Graph and Twitter card meta tags"
https://simplyenak.com/ja/tours/dietary/jain-food-tours-kuala-lumpur,colony,dietary:jain-food-tours-kuala-lumpur,0.5,60,1,Foundation (Position 50+ / Unranked),"Set unique, keyword-rich title tags (<60 chars)","Set unique, keyword-rich title tags (<60 chars)
Write compelling meta descriptions (150–160 chars)
Add proper heading hierarchy (H1 → H2 → H3)
Ensure page is indexable (no noindex, no canonical issues)
Add Open Graph and Twitter card meta tags"
https://simplyenak.com/ja/tours/dietary/jain-food-tours-penang,colony,dietary:jain-food-tours-penang,0.5,60,1,Foundation (Position 50+ / Unranked),"Set unique, keyword-rich title tags (<60 chars)","Set unique, keyword-rich title tags (<60 chars)
Write compelling meta descriptions (150–160 chars)
Add proper heading hierarchy (H1 → H2 → H3)
Ensure page is indexable (no noindex, no canonical issues)
Add Open Graph and Twitter card meta tags"
https://simplyenak.com/ja/tours/dietary/vegan-food-tours,colony,dietary:vegan-food-tours,0.5,60,1,Foundation (Position 50+ / Unranked),"Set unique, keyword-rich title tags (<60 chars)","Set unique, keyword-rich title tags (<60 chars)
Write compelling meta descriptions (150–160 chars)
Add proper heading hierarchy (H1 → H2 → H3)
Ensure page is indexable (no noindex, no canonical issues)
Add Open Graph and Twitter card meta tags"
https://simplyenak.com/ja/tours/dietary/vegan-food-tours-kuala-lumpur,colony,dietary:vegan-food-tours-kuala-lumpur,0.5,60,1,Foundation (Position 50+ / Unranked),"Set unique, keyword-rich title tags (<60 chars)","Set unique, keyword-rich title tags (<60 chars)
Write compelling meta descriptions (150–160 chars)
Add proper heading hierarchy (H1 → H2 → H3)
Ensure page is indexable (no noindex, no canonical issues)
Add Open Graph and Twitter card meta tags"
https://simplyenak.com/ja/tours/dietary/vegan-food-tours-penang,colony,dietary:vegan-food-tours-penang,0.5,60,1,Foundation (Position 50+ / Unranked),"Set unique, keyword-rich title tags (<60 chars)","Set unique, keyword-rich title tags (<60 chars)
Write compelling meta descriptions (150–160 chars)
Add proper heading hierarchy (H1 → H2 → H3)
Ensure page is indexable (no noindex, no canonical issues)
Add Open Graph and Twitter card meta tags"
https://simplyenak.com/ja/tours/dietary/vegetarian-food-tours,colony,dietary:vegetarian-food-tours,0.5,60,1,Foundation (Position 50+ / Unranked),"Set unique, keyword-rich title tags (<60 chars)","Set unique, keyword-rich title tags (<60 chars)
Write compelling meta descriptions (150–160 chars)
Add proper heading hierarchy (H1 → H2 → H3)
Ensure page is indexable (no noindex, no canonical issues)
Add Open Graph and Twitter card meta tags"
https://simplyenak.com/ja/tours/dietary/vegetarian-food-tours-kuala-lumpur,colony,dietary:vegetarian-food-tours-kuala-lumpur,0.5,60,1,Foundation (Position 50+ / Unranked),"Set unique, keyword-rich title tags (<60 chars)","Set unique, keyword-rich title tags (<60 chars)
Write compelling meta descriptions (150–160 chars)
Add proper heading hierarchy (H1 → H2 → H3)
Ensure page is indexable (no noindex, no canonical issues)
Add Open Graph and Twitter card meta tags"
https://simplyenak.com/ja/tours/dietary/vegetarian-food-tours-penang,colony,dietary:vegetarian-food-tours-penang,0.5,60,1,Foundation (Position 50+ / Unranked),"Set unique, keyword-rich title tags (<60 chars)","Set unique, keyword-rich title tags (<60 chars)
Write compelling meta descriptions (150–160 chars)
Add proper heading hierarchy (H1 → H2 → H3)
Ensure page is indexable (no noindex, no canonical issues)
Add Open Graph and Twitter card meta tags"
https://simplyenak.com/ja/tours/locations/chinatown-food-tour-kuala-lumpur,colony,location:chinatown-food-tour-kuala-lumpur,0.5,60,1,Foundation (Position 50+ / Unranked),"Set unique, keyword-rich title tags (<60 chars)","Set unique, keyword-rich title tags (<60 chars)
Write compelling meta descriptions (150–160 chars)
Add proper heading hierarchy (H1 → H2 → H3)
Ensure page is indexable (no noindex, no canonical issues)
Add Open Graph and Twitter card meta tags"
https://simplyenak.com/ja/tours/locations/chow-kit-market-food-tour,colony,location:chow-kit-market-food-tour,0.5,60,1,Foundation (Position 50+ / Unranked),"Set unique, keyword-rich title tags (<60 chars)","Set unique, keyword-rich title tags (<60 chars)
Write compelling meta descriptions (150–160 chars)
Add proper heading hierarchy (H1 → H2 → H3)
Ensure page is indexable (no noindex, no canonical issues)
Add Open Graph and Twitter card meta tags"
https://simplyenak.com/ja/tours/locations/chowrasta-market-food-tour,colony,location:chowrasta-market-food-tour,0.5,60,1,Foundation (Position 50+ / Unranked),"Set unique, keyword-rich title tags (<60 chars)","Set unique, keyword-rich title tags (<60 chars)
Write compelling meta descriptions (150–160 chars)
Add proper heading hierarchy (H1 → H2 → H3)
Ensure page is indexable (no noindex, no canonical issues)
Add Open Graph and Twitter card meta tags"
https://simplyenak.com/ja/tours/locations/food-tours-ipoh,colony,location:food-tours-ipoh,0.5,60,1,Foundation (Position 50+ / Unranked),"Set unique, keyword-rich title tags (<60 chars)","Set unique, keyword-rich title tags (<60 chars)
Write compelling meta descriptions (150–160 chars)
Add proper heading hierarchy (H1 → H2 → H3)
Ensure page is indexable (no noindex, no canonical issues)
Add Open Graph and Twitter card meta tags"
https://simplyenak.com/ja/tours/locations/food-tours-klang,colony,location:food-tours-klang,0.5,60,1,Foundation (Position 50+ / Unranked),"Set unique, keyword-rich title tags (<60 chars)","Set unique, keyword-rich title tags (<60 chars)
Write compelling meta descriptions (150–160 chars)
Add proper heading hierarchy (H1 → H2 → H3)
Ensure page is indexable (no noindex, no canonical issues)
Add Open Graph and Twitter card meta tags"
https://simplyenak.com/ja/tours/locations/food-tours-kuala-lumpur,colony,location:food-tours-kuala-lumpur,0.5,60,1,Foundation (Position 50+ / Unranked),"Set unique, keyword-rich title tags (<60 chars)","Set unique, keyword-rich title tags (<60 chars)
Write compelling meta descriptions (150–160 chars)
Add proper heading hierarchy (H1 → H2 → H3)
Ensure page is indexable (no noindex, no canonical issues)
Add Open Graph and Twitter card meta tags"
https://simplyenak.com/ja/tours/locations/food-tours-melaka,colony,location:food-tours-melaka,0.5,60,1,Foundation (Position 50+ / Unranked),"Set unique, keyword-rich title tags (<60 chars)","Set unique, keyword-rich title tags (<60 chars)
Write compelling meta descriptions (150–160 chars)
Add proper heading hierarchy (H1 → H2 → H3)
Ensure page is indexable (no noindex, no canonical issues)
Add Open Graph and Twitter card meta tags"
https://simplyenak.com/ja/tours/locations/food-tours-penang,colony,location:food-tours-penang,0.5,60,1,Foundation (Position 50+ / Unranked),"Set unique, keyword-rich title tags (<60 chars)","Set unique, keyword-rich title tags (<60 chars)
Write compelling meta descriptions (150–160 chars)
Add proper heading hierarchy (H1 → H2 → H3)
Ensure page is indexable (no noindex, no canonical issues)
Add Open Graph and Twitter card meta tags"
https://simplyenak.com/ja/tours/locations/georgetown-heritage-food-tour,colony,location:georgetown-heritage-food-tour,0.5,60,1,Foundation (Position 50+ / Unranked),"Set unique, keyword-rich title tags (<60 chars)","Set unique, keyword-rich title tags (<60 chars)
Write compelling meta descriptions (150–160 chars)
Add proper heading hierarchy (H1 → H2 → H3)
Ensure page is indexable (no noindex, no canonical issues)
Add Open Graph and Twitter card meta tags"
https://simplyenak.com/ja/tours/locations/gurney-drive-food-tour,colony,location:gurney-drive-food-tour,0.5,60,1,Foundation (Position 50+ / Unranked),"Set unique, keyword-rich title tags (<60 chars)","Set unique, keyword-rich title tags (<60 chars)
Write compelling meta descriptions (150–160 chars)
Add proper heading hierarchy (H1 → H2 → H3)
Ensure page is indexable (no noindex, no canonical issues)
Add Open Graph and Twitter card meta tags"
https://simplyenak.com/ja/tours/locations/kampung-baru-food-tour,colony,location:kampung-baru-food-tour,0.5,60,1,Foundation (Position 50+ / Unranked),"Set unique, keyword-rich title tags (<60 chars)","Set unique, keyword-rich title tags (<60 chars)
Write compelling meta descriptions (150–160 chars)
Add proper heading hierarchy (H1 → H2 → H3)
Ensure page is indexable (no noindex, no canonical issues)
Add Open Graph and Twitter card meta tags"
https://simplyenak.com/ja/tours/locations/little-india-food-tour-kuala-lumpur,colony,location:little-india-food-tour-kuala-lumpur,0.5,60,1,Foundation (Position 50+ / Unranked),"Set unique, keyword-rich title tags (<60 chars)","Set unique, keyword-rich title tags (<60 chars)
Write compelling meta descriptions (150–160 chars)
Add proper heading hierarchy (H1 → H2 → H3)
Ensure page is indexable (no noindex, no canonical issues)
Add Open Graph and Twitter card meta tags"
https://simplyenak.com/ja/tours/locations/little-india-food-tour-penang,colony,location:little-india-food-tour-penang,0.5,60,1,Foundation (Position 50+ / Unranked),"Set unique, keyword-rich title tags (<60 chars)","Set unique, keyword-rich title tags (<60 chars)
Write compelling meta descriptions (150–160 chars)
Add proper heading hierarchy (H1 → H2 → H3)
Ensure page is indexable (no noindex, no canonical issues)
Add Open Graph and Twitter card meta tags"
https://simplyenak.com/ja/tours/segments/food-tours-for-chefs,colony,segment:food-tours-for-chefs,0.5,60,1,Foundation (Position 50+ / Unranked),"Set unique, keyword-rich title tags (<60 chars)","Set unique, keyword-rich title tags (<60 chars)
Write compelling meta descriptions (150–160 chars)
Add proper heading hierarchy (H1 → H2 → H3)
Ensure page is indexable (no noindex, no canonical issues)
Add Open Graph and Twitter card meta tags"
https://simplyenak.com/ja/tours/segments/food-tours-for-couples-kuala-lumpur,colony,segment:food-tours-for-couples-kuala-lumpur,0.5,60,1,Foundation (Position 50+ / Unranked),"Set unique, keyword-rich title tags (<60 chars)","Set unique, keyword-rich title tags (<60 chars)
Write compelling meta descriptions (150–160 chars)
Add proper heading hierarchy (H1 → H2 → H3)
Ensure page is indexable (no noindex, no canonical issues)
Add Open Graph and Twitter card meta tags"
https://simplyenak.com/ja/tours/segments/food-tours-for-couples-penang,colony,segment:food-tours-for-couples-penang,0.5,60,1,Foundation (Position 50+ / Unranked),"Set unique, keyword-rich title tags (<60 chars)","Set unique, keyword-rich title tags (<60 chars)
Write compelling meta descriptions (150–160 chars)
Add proper heading hierarchy (H1 → H2 → H3)
Ensure page is indexable (no noindex, no canonical issues)
Add Open Graph and Twitter card meta tags"
https://simplyenak.com/ja/tours/segments/food-tours-for-families-kuala-lumpur,colony,segment:food-tours-for-families-kuala-lumpur,0.5,60,1,Foundation (Position 50+ / Unranked),"Set unique, keyword-rich title tags (<60 chars)","Set unique, keyword-rich title tags (<60 chars)
Write compelling meta descriptions (150–160 chars)
Add proper heading hierarchy (H1 → H2 → H3)
Ensure page is indexable (no noindex, no canonical issues)
Add Open Graph and Twitter card meta tags"
https://simplyenak.com/ja/tours/segments/food-tours-for-families-penang,colony,segment:food-tours-for-families-penang,0.5,60,1,Foundation (Position 50+ / Unranked),"Set unique, keyword-rich title tags (<60 chars)","Set unique, keyword-rich title tags (<60 chars)
Write compelling meta descriptions (150–160 chars)
Add proper heading hierarchy (H1 → H2 → H3)
Ensure page is indexable (no noindex, no canonical issues)
Add Open Graph and Twitter card meta tags"
https://simplyenak.com/ja/tours/segments/food-tours-for-foodies-kuala-lumpur,colony,segment:food-tours-for-foodies-kuala-lumpur,0.5,60,1,Foundation (Position 50+ / Unranked),"Set unique, keyword-rich title tags (<60 chars)","Set unique, keyword-rich title tags (<60 chars)
Write compelling meta descriptions (150–160 chars)
Add proper heading hierarchy (H1 → H2 → H3)
Ensure page is indexable (no noindex, no canonical issues)
Add Open Graph and Twitter card meta tags"
https://simplyenak.com/ja/tours/segments/food-tours-for-foodies-penang,colony,segment:food-tours-for-foodies-penang,0.5,60,1,Foundation (Position 50+ / Unranked),"Set unique, keyword-rich title tags (<60 chars)","Set unique, keyword-rich title tags (<60 chars)
Write compelling meta descriptions (150–160 chars)
Add proper heading hierarchy (H1 → H2 → H3)
Ensure page is indexable (no noindex, no canonical issues)
Add Open Graph and Twitter card meta tags"
https://simplyenak.com/ja/tours/segments/food-tours-for-wedding-groups,colony,segment:food-tours-for-wedding-groups,0.5,60,1,Foundation (Position 50+ / Unranked),"Set unique, keyword-rich title tags (<60 chars)","Set unique, keyword-rich title tags (<60 chars)
Write compelling meta descriptions (150–160 chars)
Add proper heading hierarchy (H1 → H2 → H3)
Ensure page is indexable (no noindex, no canonical issues)
Add Open Graph and Twitter card meta tags"
https://simplyenak.com/ja/tours/specialty/heritage-food-tours,colony,specialty:heritage-food-tours,0.5,60,1,Foundation (Position 50+ / Unranked),"Set unique, keyword-rich title tags (<60 chars)","Set unique, keyword-rich title tags (<60 chars)
Write compelling meta descriptions (150–160 chars)
Add proper heading hierarchy (H1 → H2 → H3)
Ensure page is indexable (no noindex, no canonical issues)
Add Open Graph and Twitter card meta tags"
https://simplyenak.com/ja/tours/specialty/heritage-food-tours-kuala-lumpur,colony,specialty:heritage-food-tours-kuala-lumpur,0.5,60,1,Foundation (Position 50+ / Unranked),"Set unique, keyword-rich title tags (<60 chars)","Set unique, keyword-rich title tags (<60 chars)
Write compelling meta descriptions (150–160 chars)
Add proper heading hierarchy (H1 → H2 → H3)
Ensure page is indexable (no noindex, no canonical issues)
Add Open Graph and Twitter card meta tags"
https://simplyenak.com/ja/tours/specialty/heritage-food-tours-penang,colony,specialty:heritage-food-tours-penang,0.5,60,1,Foundation (Position 50+ / Unranked),"Set unique, keyword-rich title tags (<60 chars)","Set unique, keyword-rich title tags (<60 chars)
Write compelling meta descriptions (150–160 chars)
Add proper heading hierarchy (H1 → H2 → H3)
Ensure page is indexable (no noindex, no canonical issues)
Add Open Graph and Twitter card meta tags"
https://simplyenak.com/ja/tours/specialty/market-tours,colony,specialty:market-tours,0.5,60,1,Foundation (Position 50+ / Unranked),"Set unique, keyword-rich title tags (<60 chars)","Set unique, keyword-rich title tags (<60 chars)
Write compelling meta descriptions (150–160 chars)
Add proper heading hierarchy (H1 → H2 → H3)
Ensure page is indexable (no noindex, no canonical issues)
Add Open Graph and Twitter card meta tags"
https://simplyenak.com/ja/tours/specialty/market-tours-kuala-lumpur,colony,specialty:market-tours-kuala-lumpur,0.5,60,1,Foundation (Position 50+ / Unranked),"Set unique, keyword-rich title tags (<60 chars)","Set unique, keyword-rich title tags (<60 chars)
Write compelling meta descriptions (150–160 chars)
Add proper heading hierarchy (H1 → H2 → H3)
Ensure page is indexable (no noindex, no canonical issues)
Add Open Graph and Twitter card meta tags"
https://simplyenak.com/ja/tours/specialty/market-tours-penang,colony,specialty:market-tours-penang,0.5,60,1,Foundation (Position 50+ / Unranked),"Set unique, keyword-rich title tags (<60 chars)","Set unique, keyword-rich title tags (<60 chars)
Write compelling meta descriptions (150–160 chars)
Add proper heading hierarchy (H1 → H2 → H3)
Ensure page is indexable (no noindex, no canonical issues)
Add Open Graph and Twitter card meta tags"
https://simplyenak.com/ja/tours/specialty/night-food-tours,colony,specialty:night-food-tours,0.5,60,1,Foundation (Position 50+ / Unranked),"Set unique, keyword-rich title tags (<60 chars)","Set unique, keyword-rich title tags (<60 chars)
Write compelling meta descriptions (150–160 chars)
Add proper heading hierarchy (H1 → H2 → H3)
Ensure page is indexable (no noindex, no canonical issues)
Add Open Graph and Twitter card meta tags"
https://simplyenak.com/ja/tours/specialty/night-food-tours-kuala-lumpur,colony,specialty:night-food-tours-kuala-lumpur,0.5,60,1,Foundation (Position 50+ / Unranked),"Set unique, keyword-rich title tags (<60 chars)","Set unique, keyword-rich title tags (<60 chars)
Write compelling meta descriptions (150–160 chars)
Add proper heading hierarchy (H1 → H2 → H3)
Ensure page is indexable (no noindex, no canonical issues)
Add Open Graph and Twitter card meta tags"
https://simplyenak.com/ja/tours/specialty/night-food-tours-penang,colony,specialty:night-food-tours-penang,0.5,60,1,Foundation (Position 50+ / Unranked),"Set unique, keyword-rich title tags (<60 chars)","Set unique, keyword-rich title tags (<60 chars)
Write compelling meta descriptions (150–160 chars)
Add proper heading hierarchy (H1 → H2 → H3)
Ensure page is indexable (no noindex, no canonical issues)
Add Open Graph and Twitter card meta tags"
https://simplyenak.com/ja/tours/specialty/street-food-tours,colony,specialty:street-food-tours,0.5,60,1,Foundation (Position 50+ / Unranked),"Set unique, keyword-rich title tags (<60 chars)","Set unique, keyword-rich title tags (<60 chars)
Write compelling meta descriptions (150–160 chars)
Add proper heading hierarchy (H1 → H2 → H3)
Ensure page is indexable (no noindex, no canonical issues)
Add Open Graph and Twitter card meta tags"
https://simplyenak.com/ja/tours/specialty/street-food-tours-kuala-lumpur,colony,specialty:street-food-tours-kuala-lumpur,0.5,60,1,Foundation (Position 50+ / Unranked),"Set unique, keyword-rich title tags (<60 chars)","Set unique, keyword-rich title tags (<60 chars)
Write compelling meta descriptions (150–160 chars)
Add proper heading hierarchy (H1 → H2 → H3)
Ensure page is indexable (no noindex, no canonical issues)
Add Open Graph and Twitter card meta tags"
https://simplyenak.com/ja/tours/specialty/street-food-tours-penang,colony,specialty:street-food-tours-penang,0.5,60,1,Foundation (Position 50+ / Unranked),"Set unique, keyword-rich title tags (<60 chars)","Set unique, keyword-rich title tags (<60 chars)
Write compelling meta descriptions (150–160 chars)
Add proper heading hierarchy (H1 → H2 → H3)
Ensure page is indexable (no noindex, no canonical issues)
Add Open Graph and Twitter card meta tags"
https://simplyenak.com/ms/tours/dietary/gluten-free-food-tours,colony,dietary:gluten-free-food-tours,0.5,60,1,Foundation (Position 50+ / Unranked),"Set unique, keyword-rich title tags (<60 chars)","Set unique, keyword-rich title tags (<60 chars)
Write compelling meta descriptions (150–160 chars)
Add proper heading hierarchy (H1 → H2 → H3)
Ensure page is indexable (no noindex, no canonical issues)
Add Open Graph and Twitter card meta tags"
https://simplyenak.com/ms/tours/dietary/gluten-free-food-tours-kuala-lumpur,colony,dietary:gluten-free-food-tours-kuala-lumpur,0.5,60,1,Foundation (Position 50+ / Unranked),"Set unique, keyword-rich title tags (<60 chars)","Set unique, keyword-rich title tags (<60 chars)
Write compelling meta descriptions (150–160 chars)
Add proper heading hierarchy (H1 → H2 → H3)
Ensure page is indexable (no noindex, no canonical issues)
Add Open Graph and Twitter card meta tags"
https://simplyenak.com/ms/tours/dietary/gluten-free-food-tours-penang,colony,dietary:gluten-free-food-tours-penang,0.5,60,1,Foundation (Position 50+ / Unranked),"Set unique, keyword-rich title tags (<60 chars)","Set unique, keyword-rich title tags (<60 chars)
Write compelling meta descriptions (150–160 chars)
Add proper heading hierarchy (H1 → H2 → H3)
Ensure page is indexable (no noindex, no canonical issues)
Add Open Graph and Twitter card meta tags"
https://simplyenak.com/ms/tours/dietary/halal-food-tours,colony,dietary:halal-food-tours,0.5,60,1,Foundation (Position 50+ / Unranked),"Set unique, keyword-rich title tags (<60 chars)","Set unique, keyword-rich title tags (<60 chars)
Write compelling meta descriptions (150–160 chars)
Add proper heading hierarchy (H1 → H2 → H3)
Ensure page is indexable (no noindex, no canonical issues)
Add Open Graph and Twitter card meta tags"
https://simplyenak.com/ms/tours/dietary/halal-food-tours-kuala-lumpur,colony,dietary:halal-food-tours-kuala-lumpur,0.5,60,1,Foundation (Position 50+ / Unranked),"Set unique, keyword-rich title tags (<60 chars)","Set unique, keyword-rich title tags (<60 chars)
Write compelling meta descriptions (150–160 chars)
Add proper heading hierarchy (H1 → H2 → H3)
Ensure page is indexable (no noindex, no canonical issues)
Add Open Graph and Twitter card meta tags"
https://simplyenak.com/ms/tours/dietary/halal-food-tours-penang,colony,dietary:halal-food-tours-penang,0.5,60,1,Foundation (Position 50+ / Unranked),"Set unique, keyword-rich title tags (<60 chars)","Set unique, keyword-rich title tags (<60 chars)
Write compelling meta descriptions (150–160 chars)
Add proper heading hierarchy (H1 → H2 → H3)
Ensure page is indexable (no noindex, no canonical issues)
Add Open Graph and Twitter card meta tags"
https://simplyenak.com/ms/tours/dietary/jain-food-tours,colony,dietary:jain-food-tours,0.5,60,1,Foundation (Position 50+ / Unranked),"Set unique, keyword-rich title tags (<60 chars)","Set unique, keyword-rich title tags (<60 chars)
Write compelling meta descriptions (150–160 chars)
Add proper heading hierarchy (H1 → H2 → H3)
Ensure page is indexable (no noindex, no canonical issues)
Add Open Graph and Twitter card meta tags"
https://simplyenak.com/ms/tours/dietary/jain-food-tours-kuala-lumpur,colony,dietary:jain-food-tours-kuala-lumpur,0.5,60,1,Foundation (Position 50+ / Unranked),"Set unique, keyword-rich title tags (<60 chars)","Set unique, keyword-rich title tags (<60 chars)
Write compelling meta descriptions (150–160 chars)
Add proper heading hierarchy (H1 → H2 → H3)
Ensure page is indexable (no noindex, no canonical issues)
Add Open Graph and Twitter card meta tags"
https://simplyenak.com/ms/tours/dietary/jain-food-tours-penang,colony,dietary:jain-food-tours-penang,0.5,60,1,Foundation (Position 50+ / Unranked),"Set unique, keyword-rich title tags (<60 chars)","Set unique, keyword-rich title tags (<60 chars)
Write compelling meta descriptions (150–160 chars)
Add proper heading hierarchy (H1 → H2 → H3)
Ensure page is indexable (no noindex, no canonical issues)
Add Open Graph and Twitter card meta tags"
https://simplyenak.com/ms/tours/dietary/vegan-food-tours,colony,dietary:vegan-food-tours,0.5,60,1,Foundation (Position 50+ / Unranked),"Set unique, keyword-rich title tags (<60 chars)","Set unique, keyword-rich title tags (<60 chars)
Write compelling meta descriptions (150–160 chars)
Add proper heading hierarchy (H1 → H2 → H3)
Ensure page is indexable (no noindex, no canonical issues)
Add Open Graph and Twitter card meta tags"
https://simplyenak.com/ms/tours/dietary/vegan-food-tours-kuala-lumpur,colony,dietary:vegan-food-tours-kuala-lumpur,0.5,60,1,Foundation (Position 50+ / Unranked),"Set unique, keyword-rich title tags (<60 chars)","Set unique, keyword-rich title tags (<60 chars)
Write compelling meta descriptions (150–160 chars)
Add proper heading hierarchy (H1 → H2 → H3)
Ensure page is indexable (no noindex, no canonical issues)
Add Open Graph and Twitter card meta tags"
https://simplyenak.com/ms/tours/dietary/vegan-food-tours-penang,colony,dietary:vegan-food-tours-penang,0.5,60,1,Foundation (Position 50+ / Unranked),"Set unique, keyword-rich title tags (<60 chars)","Set unique, keyword-rich title tags (<60 chars)
Write compelling meta descriptions (150–160 chars)
Add proper heading hierarchy (H1 → H2 → H3)
Ensure page is indexable (no noindex, no canonical issues)
Add Open Graph and Twitter card meta tags"
https://simplyenak.com/ms/tours/dietary/vegetarian-food-tours,colony,dietary:vegetarian-food-tours,0.5,60,1,Foundation (Position 50+ / Unranked),"Set unique, keyword-rich title tags (<60 chars)","Set unique, keyword-rich title tags (<60 chars)
Write compelling meta descriptions (150–160 chars)
Add proper heading hierarchy (H1 → H2 → H3)
Ensure page is indexable (no noindex, no canonical issues)
Add Open Graph and Twitter card meta tags"
https://simplyenak.com/ms/tours/dietary/vegetarian-food-tours-kuala-lumpur,colony,dietary:vegetarian-food-tours-kuala-lumpur,0.5,60,1,Foundation (Position 50+ / Unranked),"Set unique, keyword-rich title tags (<60 chars)","Set unique, keyword-rich title tags (<60 chars)
Write compelling meta descriptions (150–160 chars)
Add proper heading hierarchy (H1 → H2 → H3)
Ensure page is indexable (no noindex, no canonical issues)
Add Open Graph and Twitter card meta tags"
https://simplyenak.com/ms/tours/dietary/vegetarian-food-tours-penang,colony,dietary:vegetarian-food-tours-penang,0.5,60,1,Foundation (Position 50+ / Unranked),"Set unique, keyword-rich title tags (<60 chars)","Set unique, keyword-rich title tags (<60 chars)
Write compelling meta descriptions (150–160 chars)
Add proper heading hierarchy (H1 → H2 → H3)
Ensure page is indexable (no noindex, no canonical issues)
Add Open Graph and Twitter card meta tags"
https://simplyenak.com/ms/tours/locations/chinatown-food-tour-kuala-lumpur,colony,location:chinatown-food-tour-kuala-lumpur,0.5,60,1,Foundation (Position 50+ / Unranked),"Set unique, keyword-rich title tags (<60 chars)","Set unique, keyword-rich title tags (<60 chars)
Write compelling meta descriptions (150–160 chars)
Add proper heading hierarchy (H1 → H2 → H3)
Ensure page is indexable (no noindex, no canonical issues)
Add Open Graph and Twitter card meta tags"
https://simplyenak.com/ms/tours/locations/chow-kit-market-food-tour,colony,location:chow-kit-market-food-tour,0.5,60,1,Foundation (Position 50+ / Unranked),"Set unique, keyword-rich title tags (<60 chars)","Set unique, keyword-rich title tags (<60 chars)
Write compelling meta descriptions (150–160 chars)
Add proper heading hierarchy (H1 → H2 → H3)
Ensure page is indexable (no noindex, no canonical issues)
Add Open Graph and Twitter card meta tags"
https://simplyenak.com/ms/tours/locations/chowrasta-market-food-tour,colony,location:chowrasta-market-food-tour,0.5,60,1,Foundation (Position 50+ / Unranked),"Set unique, keyword-rich title tags (<60 chars)","Set unique, keyword-rich title tags (<60 chars)
Write compelling meta descriptions (150–160 chars)
Add proper heading hierarchy (H1 → H2 → H3)
Ensure page is indexable (no noindex, no canonical issues)
Add Open Graph and Twitter card meta tags"
https://simplyenak.com/ms/tours/locations/food-tours-ipoh,colony,location:food-tours-ipoh,0.5,60,1,Foundation (Position 50+ / Unranked),"Set unique, keyword-rich title tags (<60 chars)","Set unique, keyword-rich title tags (<60 chars)
Write compelling meta descriptions (150–160 chars)
Add proper heading hierarchy (H1 → H2 → H3)
Ensure page is indexable (no noindex, no canonical issues)
Add Open Graph and Twitter card meta tags"
https://simplyenak.com/ms/tours/locations/food-tours-klang,colony,location:food-tours-klang,0.5,60,1,Foundation (Position 50+ / Unranked),"Set unique, keyword-rich title tags (<60 chars)","Set unique, keyword-rich title tags (<60 chars)
Write compelling meta descriptions (150–160 chars)
Add proper heading hierarchy (H1 → H2 → H3)
Ensure page is indexable (no noindex, no canonical issues)
Add Open Graph and Twitter card meta tags"
https://simplyenak.com/ms/tours/locations/food-tours-kuala-lumpur,colony,location:food-tours-kuala-lumpur,0.5,60,1,Foundation (Position 50+ / Unranked),"Set unique, keyword-rich title tags (<60 chars)","Set unique, keyword-rich title tags (<60 chars)
Write compelling meta descriptions (150–160 chars)
Add proper heading hierarchy (H1 → H2 → H3)
Ensure page is indexable (no noindex, no canonical issues)
Add Open Graph and Twitter card meta tags"
https://simplyenak.com/ms/tours/locations/food-tours-melaka,colony,location:food-tours-melaka,0.5,60,1,Foundation (Position 50+ / Unranked),"Set unique, keyword-rich title tags (<60 chars)","Set unique, keyword-rich title tags (<60 chars)
Write compelling meta descriptions (150–160 chars)
Add proper heading hierarchy (H1 → H2 → H3)
Ensure page is indexable (no noindex, no canonical issues)
Add Open Graph and Twitter card meta tags"
https://simplyenak.com/ms/tours/locations/food-tours-penang,colony,location:food-tours-penang,0.5,60,1,Foundation (Position 50+ / Unranked),"Set unique, keyword-rich title tags (<60 chars)","Set unique, keyword-rich title tags (<60 chars)
Write compelling meta descriptions (150–160 chars)
Add proper heading hierarchy (H1 → H2 → H3)
Ensure page is indexable (no noindex, no canonical issues)
Add Open Graph and Twitter card meta tags"
https://simplyenak.com/ms/tours/locations/georgetown-heritage-food-tour,colony,location:georgetown-heritage-food-tour,0.5,60,1,Foundation (Position 50+ / Unranked),"Set unique, keyword-rich title tags (<60 chars)","Set unique, keyword-rich title tags (<60 chars)
Write compelling meta descriptions (150–160 chars)
Add proper heading hierarchy (H1 → H2 → H3)
Ensure page is indexable (no noindex, no canonical issues)
Add Open Graph and Twitter card meta tags"
https://simplyenak.com/ms/tours/locations/gurney-drive-food-tour,colony,location:gurney-drive-food-tour,0.5,60,1,Foundation (Position 50+ / Unranked),"Set unique, keyword-rich title tags (<60 chars)","Set unique, keyword-rich title tags (<60 chars)
Write compelling meta descriptions (150–160 chars)
Add proper heading hierarchy (H1 → H2 → H3)
Ensure page is indexable (no noindex, no canonical issues)
Add Open Graph and Twitter card meta tags"
https://simplyenak.com/ms/tours/locations/kampung-baru-food-tour,colony,location:kampung-baru-food-tour,0.5,60,1,Foundation (Position 50+ / Unranked),"Set unique, keyword-rich title tags (<60 chars)","Set unique, keyword-rich title tags (<60 chars)
Write compelling meta descriptions (150–160 chars)
Add proper heading hierarchy (H1 → H2 → H3)
Ensure page is indexable (no noindex, no canonical issues)
Add Open Graph and Twitter card meta tags"
https://simplyenak.com/ms/tours/locations/little-india-food-tour-kuala-lumpur,colony,location:little-india-food-tour-kuala-lumpur,0.5,60,1,Foundation (Position 50+ / Unranked),"Set unique, keyword-rich title tags (<60 chars)","Set unique, keyword-rich title tags (<60 chars)
Write compelling meta descriptions (150–160 chars)
Add proper heading hierarchy (H1 → H2 → H3)
Ensure page is indexable (no noindex, no canonical issues)
Add Open Graph and Twitter card meta tags"
https://simplyenak.com/ms/tours/locations/little-india-food-tour-penang,colony,location:little-india-food-tour-penang,0.5,60,1,Foundation (Position 50+ / Unranked),"Set unique, keyword-rich title tags (<60 chars)","Set unique, keyword-rich title tags (<60 chars)
Write compelling meta descriptions (150–160 chars)
Add proper heading hierarchy (H1 → H2 → H3)
Ensure page is indexable (no noindex, no canonical issues)
Add Open Graph and Twitter card meta tags"
https://simplyenak.com/ms/tours/segments/food-tours-for-chefs,colony,segment:food-tours-for-chefs,0.5,60,1,Foundation (Position 50+ / Unranked),"Set unique, keyword-rich title tags (<60 chars)","Set unique, keyword-rich title tags (<60 chars)
Write compelling meta descriptions (150–160 chars)
Add proper heading hierarchy (H1 → H2 → H3)
Ensure page is indexable (no noindex, no canonical issues)
Add Open Graph and Twitter card meta tags"
https://simplyenak.com/ms/tours/segments/food-tours-for-couples-kuala-lumpur,colony,segment:food-tours-for-couples-kuala-lumpur,0.5,60,1,Foundation (Position 50+ / Unranked),"Set unique, keyword-rich title tags (<60 chars)","Set unique, keyword-rich title tags (<60 chars)
Write compelling meta descriptions (150–160 chars)
Add proper heading hierarchy (H1 → H2 → H3)
Ensure page is indexable (no noindex, no canonical issues)
Add Open Graph and Twitter card meta tags"
https://simplyenak.com/ms/tours/segments/food-tours-for-couples-penang,colony,segment:food-tours-for-couples-penang,0.5,60,1,Foundation (Position 50+ / Unranked),"Set unique, keyword-rich title tags (<60 chars)","Set unique, keyword-rich title tags (<60 chars)
Write compelling meta descriptions (150–160 chars)
Add proper heading hierarchy (H1 → H2 → H3)
Ensure page is indexable (no noindex, no canonical issues)
Add Open Graph and Twitter card meta tags"
https://simplyenak.com/ms/tours/segments/food-tours-for-families-kuala-lumpur,colony,segment:food-tours-for-families-kuala-lumpur,0.5,60,1,Foundation (Position 50+ / Unranked),"Set unique, keyword-rich title tags (<60 chars)","Set unique, keyword-rich title tags (<60 chars)
Write compelling meta descriptions (150–160 chars)
Add proper heading hierarchy (H1 → H2 → H3)
Ensure page is indexable (no noindex, no canonical issues)
Add Open Graph and Twitter card meta tags"
https://simplyenak.com/ms/tours/segments/food-tours-for-families-penang,colony,segment:food-tours-for-families-penang,0.5,60,1,Foundation (Position 50+ / Unranked),"Set unique, keyword-rich title tags (<60 chars)","Set unique, keyword-rich title tags (<60 chars)
Write compelling meta descriptions (150–160 chars)
Add proper heading hierarchy (H1 → H2 → H3)
Ensure page is indexable (no noindex, no canonical issues)
Add Open Graph and Twitter card meta tags"
https://simplyenak.com/ms/tours/segments/food-tours-for-foodies-kuala-lumpur,colony,segment:food-tours-for-foodies-kuala-lumpur,0.5,60,1,Foundation (Position 50+ / Unranked),"Set unique, keyword-rich title tags (<60 chars)","Set unique, keyword-rich title tags (<60 chars)
Write compelling meta descriptions (150–160 chars)
Add proper heading hierarchy (H1 → H2 → H3)
Ensure page is indexable (no noindex, no canonical issues)
Add Open Graph and Twitter card meta tags"
https://simplyenak.com/ms/tours/segments/food-tours-for-foodies-penang,colony,segment:food-tours-for-foodies-penang,0.5,60,1,Foundation (Position 50+ / Unranked),"Set unique, keyword-rich title tags (<60 chars)","Set unique, keyword-rich title tags (<60 chars)
Write compelling meta descriptions (150–160 chars)
Add proper heading hierarchy (H1 → H2 → H3)
Ensure page is indexable (no noindex, no canonical issues)
Add Open Graph and Twitter card meta tags"
https://simplyenak.com/ms/tours/segments/food-tours-for-wedding-groups,colony,segment:food-tours-for-wedding-groups,0.5,60,1,Foundation (Position 50+ / Unranked),"Set unique, keyword-rich title tags (<60 chars)","Set unique, keyword-rich title tags (<60 chars)
Write compelling meta descriptions (150–160 chars)
Add proper heading hierarchy (H1 → H2 → H3)
Ensure page is indexable (no noindex, no canonical issues)
Add Open Graph and Twitter card meta tags"
https://simplyenak.com/ms/tours/specialty/heritage-food-tours,colony,specialty:heritage-food-tours,0.5,60,1,Foundation (Position 50+ / Unranked),"Set unique, keyword-rich title tags (<60 chars)","Set unique, keyword-rich title tags (<60 chars)
Write compelling meta descriptions (150–160 chars)
Add proper heading hierarchy (H1 → H2 → H3)
Ensure page is indexable (no noindex, no canonical issues)
Add Open Graph and Twitter card meta tags"
https://simplyenak.com/ms/tours/specialty/heritage-food-tours-kuala-lumpur,colony,specialty:heritage-food-tours-kuala-lumpur,0.5,60,1,Foundation (Position 50+ / Unranked),"Set unique, keyword-rich title tags (<60 chars)","Set unique, keyword-rich title tags (<60 chars)
Write compelling meta descriptions (150–160 chars)
Add proper heading hierarchy (H1 → H2 → H3)
Ensure page is indexable (no noindex, no canonical issues)
Add Open Graph and Twitter card meta tags"
https://simplyenak.com/ms/tours/specialty/heritage-food-tours-penang,colony,specialty:heritage-food-tours-penang,0.5,60,1,Foundation (Position 50+ / Unranked),"Set unique, keyword-rich title tags (<60 chars)","Set unique, keyword-rich title tags (<60 chars)
Write compelling meta descriptions (150–160 chars)
Add proper heading hierarchy (H1 → H2 → H3)
Ensure page is indexable (no noindex, no canonical issues)
Add Open Graph and Twitter card meta tags"
https://simplyenak.com/ms/tours/specialty/market-tours,colony,specialty:market-tours,0.5,60,1,Foundation (Position 50+ / Unranked),"Set unique, keyword-rich title tags (<60 chars)","Set unique, keyword-rich title tags (<60 chars)
Write compelling meta descriptions (150–160 chars)
Add proper heading hierarchy (H1 → H2 → H3)
Ensure page is indexable (no noindex, no canonical issues)
Add Open Graph and Twitter card meta tags"
https://simplyenak.com/ms/tours/specialty/market-tours-kuala-lumpur,colony,specialty:market-tours-kuala-lumpur,0.5,60,1,Foundation (Position 50+ / Unranked),"Set unique, keyword-rich title tags (<60 chars)","Set unique, keyword-rich title tags (<60 chars)
Write compelling meta descriptions (150–160 chars)
Add proper heading hierarchy (H1 → H2 → H3)
Ensure page is indexable (no noindex, no canonical issues)
Add Open Graph and Twitter card meta tags"
https://simplyenak.com/ms/tours/specialty/market-tours-penang,colony,specialty:market-tours-penang,0.5,60,1,Foundation (Position 50+ / Unranked),"Set unique, keyword-rich title tags (<60 chars)","Set unique, keyword-rich title tags (<60 chars)
Write compelling meta descriptions (150–160 chars)
Add proper heading hierarchy (H1 → H2 → H3)
Ensure page is indexable (no noindex, no canonical issues)
Add Open Graph and Twitter card meta tags"
https://simplyenak.com/ms/tours/specialty/night-food-tours,colony,specialty:night-food-tours,0.5,60,1,Foundation (Position 50+ / Unranked),"Set unique, keyword-rich title tags (<60 chars)","Set unique, keyword-rich title tags (<60 chars)
Write compelling meta descriptions (150–160 chars)
Add proper heading hierarchy (H1 → H2 → H3)
Ensure page is indexable (no noindex, no canonical issues)
Add Open Graph and Twitter card meta tags"
https://simplyenak.com/ms/tours/specialty/night-food-tours-kuala-lumpur,colony,specialty:night-food-tours-kuala-lumpur,0.5,60,1,Foundation (Position 50+ / Unranked),"Set unique, keyword-rich title tags (<60 chars)","Set unique, keyword-rich title tags (<60 chars)
Write compelling meta descriptions (150–160 chars)
Add proper heading hierarchy (H1 → H2 → H3)
Ensure page is indexable (no noindex, no canonical issues)
Add Open Graph and Twitter card meta tags"
https://simplyenak.com/ms/tours/specialty/night-food-tours-penang,colony,specialty:night-food-tours-penang,0.5,60,1,Foundation (Position 50+ / Unranked),"Set unique, keyword-rich title tags (<60 chars)","Set unique, keyword-rich title tags (<60 chars)
Write compelling meta descriptions (150–160 chars)
Add proper heading hierarchy (H1 → H2 → H3)
Ensure page is indexable (no noindex, no canonical issues)
Add Open Graph and Twitter card meta tags"
https://simplyenak.com/ms/tours/specialty/street-food-tours,colony,specialty:street-food-tours,0.5,60,1,Foundation (Position 50+ / Unranked),"Set unique, keyword-rich title tags (<60 chars)","Set unique, keyword-rich title tags (<60 chars)
Write compelling meta descriptions (150–160 chars)
Add proper heading hierarchy (H1 → H2 → H3)
Ensure page is indexable (no noindex, no canonical issues)
Add Open Graph and Twitter card meta tags"
https://simplyenak.com/ms/tours/specialty/street-food-tours-kuala-lumpur,colony,specialty:street-food-tours-kuala-lumpur,0.5,60,1,Foundation (Position 50+ / Unranked),"Set unique, keyword-rich title tags (<60 chars)","Set unique, keyword-rich title tags (<60 chars)
Write compelling meta descriptions (150–160 chars)
Add proper heading hierarchy (H1 → H2 → H3)
Ensure page is indexable (no noindex, no canonical issues)
Add Open Graph and Twitter card meta tags"
https://simplyenak.com/ms/tours/specialty/street-food-tours-penang,colony,specialty:street-food-tours-penang,0.5,60,1,Foundation (Position 50+ / Unranked),"Set unique, keyword-rich title tags (<60 chars)","Set unique, keyword-rich title tags (<60 chars)
Write compelling meta descriptions (150–160 chars)
Add proper heading hierarchy (H1 → H2 → H3)
Ensure page is indexable (no noindex, no canonical issues)
Add Open Graph and Twitter card meta tags"
https://simplyenak.com/nl/tours/dietary/gluten-free-food-tours,colony,dietary:gluten-free-food-tours,0.5,60,1,Foundation (Position 50+ / Unranked),"Set unique, keyword-rich title tags (<60 chars)","Set unique, keyword-rich title tags (<60 chars)
Write compelling meta descriptions (150–160 chars)
Add proper heading hierarchy (H1 → H2 → H3)
Ensure page is indexable (no noindex, no canonical issues)
Add Open Graph and Twitter card meta tags"
https://simplyenak.com/nl/tours/dietary/gluten-free-food-tours-kuala-lumpur,colony,dietary:gluten-free-food-tours-kuala-lumpur,0.5,60,1,Foundation (Position 50+ / Unranked),"Set unique, keyword-rich title tags (<60 chars)","Set unique, keyword-rich title tags (<60 chars)
Write compelling meta descriptions (150–160 chars)
Add proper heading hierarchy (H1 → H2 → H3)
Ensure page is indexable (no noindex, no canonical issues)
Add Open Graph and Twitter card meta tags"
https://simplyenak.com/nl/tours/dietary/gluten-free-food-tours-penang,colony,dietary:gluten-free-food-tours-penang,0.5,60,1,Foundation (Position 50+ / Unranked),"Set unique, keyword-rich title tags (<60 chars)","Set unique, keyword-rich title tags (<60 chars)
Write compelling meta descriptions (150–160 chars)
Add proper heading hierarchy (H1 → H2 → H3)
Ensure page is indexable (no noindex, no canonical issues)
Add Open Graph and Twitter card meta tags"
https://simplyenak.com/nl/tours/dietary/halal-food-tours,colony,dietary:halal-food-tours,0.5,60,1,Foundation (Position 50+ / Unranked),"Set unique, keyword-rich title tags (<60 chars)","Set unique, keyword-rich title tags (<60 chars)
Write compelling meta descriptions (150–160 chars)
Add proper heading hierarchy (H1 → H2 → H3)
Ensure page is indexable (no noindex, no canonical issues)
Add Open Graph and Twitter card meta tags"
https://simplyenak.com/nl/tours/dietary/halal-food-tours-kuala-lumpur,colony,dietary:halal-food-tours-kuala-lumpur,0.5,60,1,Foundation (Position 50+ / Unranked),"Set unique, keyword-rich title tags (<60 chars)","Set unique, keyword-rich title tags (<60 chars)
Write compelling meta descriptions (150–160 chars)
Add proper heading hierarchy (H1 → H2 → H3)
Ensure page is indexable (no noindex, no canonical issues)
Add Open Graph and Twitter card meta tags"
https://simplyenak.com/nl/tours/dietary/halal-food-tours-penang,colony,dietary:halal-food-tours-penang,0.5,60,1,Foundation (Position 50+ / Unranked),"Set unique, keyword-rich title tags (<60 chars)","Set unique, keyword-rich title tags (<60 chars)
Write compelling meta descriptions (150–160 chars)
Add proper heading hierarchy (H1 → H2 → H3)
Ensure page is indexable (no noindex, no canonical issues)
Add Open Graph and Twitter card meta tags"
https://simplyenak.com/nl/tours/dietary/jain-food-tours,colony,dietary:jain-food-tours,0.5,60,1,Foundation (Position 50+ / Unranked),"Set unique, keyword-rich title tags (<60 chars)","Set unique, keyword-rich title tags (<60 chars)
Write compelling meta descriptions (150–160 chars)
Add proper heading hierarchy (H1 → H2 → H3)
Ensure page is indexable (no noindex, no canonical issues)
Add Open Graph and Twitter card meta tags"
https://simplyenak.com/nl/tours/dietary/jain-food-tours-kuala-lumpur,colony,dietary:jain-food-tours-kuala-lumpur,0.5,60,1,Foundation (Position 50+ / Unranked),"Set unique, keyword-rich title tags (<60 chars)","Set unique, keyword-rich title tags (<60 chars)
Write compelling meta descriptions (150–160 chars)
Add proper heading hierarchy (H1 → H2 → H3)
Ensure page is indexable (no noindex, no canonical issues)
Add Open Graph and Twitter card meta tags"
https://simplyenak.com/nl/tours/dietary/jain-food-tours-penang,colony,dietary:jain-food-tours-penang,0.5,60,1,Foundation (Position 50+ / Unranked),"Set unique, keyword-rich title tags (<60 chars)","Set unique, keyword-rich title tags (<60 chars)
Write compelling meta descriptions (150–160 chars)
Add proper heading hierarchy (H1 → H2 → H3)
Ensure page is indexable (no noindex, no canonical issues)
Add Open Graph and Twitter card meta tags"
https://simplyenak.com/nl/tours/dietary/vegan-food-tours,colony,dietary:vegan-food-tours,0.5,60,1,Foundation (Position 50+ / Unranked),"Set unique, keyword-rich title tags (<60 chars)","Set unique, keyword-rich title tags (<60 chars)
Write compelling meta descriptions (150–160 chars)
Add proper heading hierarchy (H1 → H2 → H3)
Ensure page is indexable (no noindex, no canonical issues)
Add Open Graph and Twitter card meta tags"
https://simplyenak.com/nl/tours/dietary/vegan-food-tours-kuala-lumpur,colony,dietary:vegan-food-tours-kuala-lumpur,0.5,60,1,Foundation (Position 50+ / Unranked),"Set unique, keyword-rich title tags (<60 chars)","Set unique, keyword-rich title tags (<60 chars)
Write compelling meta descriptions (150–160 chars)
Add proper heading hierarchy (H1 → H2 → H3)
Ensure page is indexable (no noindex, no canonical issues)
Add Open Graph and Twitter card meta tags"
https://simplyenak.com/nl/tours/dietary/vegan-food-tours-penang,colony,dietary:vegan-food-tours-penang,0.5,60,1,Foundation (Position 50+ / Unranked),"Set unique, keyword-rich title tags (<60 chars)","Set unique, keyword-rich title tags (<60 chars)
Write compelling meta descriptions (150–160 chars)
Add proper heading hierarchy (H1 → H2 → H3)
Ensure page is indexable (no noindex, no canonical issues)
Add Open Graph and Twitter card meta tags"
https://simplyenak.com/nl/tours/dietary/vegetarian-food-tours,colony,dietary:vegetarian-food-tours,0.5,60,1,Foundation (Position 50+ / Unranked),"Set unique, keyword-rich title tags (<60 chars)","Set unique, keyword-rich title tags (<60 chars)
Write compelling meta descriptions (150–160 chars)
Add proper heading hierarchy (H1 → H2 → H3)
Ensure page is indexable (no noindex, no canonical issues)
Add Open Graph and Twitter card meta tags"
https://simplyenak.com/nl/tours/dietary/vegetarian-food-tours-kuala-lumpur,colony,dietary:vegetarian-food-tours-kuala-lumpur,0.5,60,1,Foundation (Position 50+ / Unranked),"Set unique, keyword-rich title tags (<60 chars)","Set unique, keyword-rich title tags (<60 chars)
Write compelling meta descriptions (150–160 chars)
Add proper heading hierarchy (H1 → H2 → H3)
Ensure page is indexable (no noindex, no canonical issues)
Add Open Graph and Twitter card meta tags"
https://simplyenak.com/nl/tours/dietary/vegetarian-food-tours-penang,colony,dietary:vegetarian-food-tours-penang,0.5,60,1,Foundation (Position 50+ / Unranked),"Set unique, keyword-rich title tags (<60 chars)","Set unique, keyword-rich title tags (<60 chars)
Write compelling meta descriptions (150–160 chars)
Add proper heading hierarchy (H1 → H2 → H3)
Ensure page is indexable (no noindex, no canonical issues)
Add Open Graph and Twitter card meta tags"
https://simplyenak.com/nl/tours/locations/chinatown-food-tour-kuala-lumpur,colony,location:chinatown-food-tour-kuala-lumpur,0.5,60,1,Foundation (Position 50+ / Unranked),"Set unique, keyword-rich title tags (<60 chars)","Set unique, keyword-rich title tags (<60 chars)
Write compelling meta descriptions (150–160 chars)
Add proper heading hierarchy (H1 → H2 → H3)
Ensure page is indexable (no noindex, no canonical issues)
Add Open Graph and Twitter card meta tags"
https://simplyenak.com/nl/tours/locations/chow-kit-market-food-tour,colony,location:chow-kit-market-food-tour,0.5,60,1,Foundation (Position 50+ / Unranked),"Set unique, keyword-rich title tags (<60 chars)","Set unique, keyword-rich title tags (<60 chars)
Write compelling meta descriptions (150–160 chars)
Add proper heading hierarchy (H1 → H2 → H3)
Ensure page is indexable (no noindex, no canonical issues)
Add Open Graph and Twitter card meta tags"
https://simplyenak.com/nl/tours/locations/chowrasta-market-food-tour,colony,location:chowrasta-market-food-tour,0.5,60,1,Foundation (Position 50+ / Unranked),"Set unique, keyword-rich title tags (<60 chars)","Set unique, keyword-rich title tags (<60 chars)
Write compelling meta descriptions (150–160 chars)
Add proper heading hierarchy (H1 → H2 → H3)
Ensure page is indexable (no noindex, no canonical issues)
Add Open Graph and Twitter card meta tags"
https://simplyenak.com/nl/tours/locations/food-tours-ipoh,colony,location:food-tours-ipoh,0.5,60,1,Foundation (Position 50+ / Unranked),"Set unique, keyword-rich title tags (<60 chars)","Set unique, keyword-rich title tags (<60 chars)
Write compelling meta descriptions (150–160 chars)
Add proper heading hierarchy (H1 → H2 → H3)
Ensure page is indexable (no noindex, no canonical issues)
Add Open Graph and Twitter card meta tags"
https://simplyenak.com/nl/tours/locations/food-tours-klang,colony,location:food-tours-klang,0.5,60,1,Foundation (Position 50+ / Unranked),"Set unique, keyword-rich title tags (<60 chars)","Set unique, keyword-rich title tags (<60 chars)
Write compelling meta descriptions (150–160 chars)
Add proper heading hierarchy (H1 → H2 → H3)
Ensure page is indexable (no noindex, no canonical issues)
Add Open Graph and Twitter card meta tags"
https://simplyenak.com/nl/tours/locations/food-tours-kuala-lumpur,colony,location:food-tours-kuala-lumpur,0.5,60,1,Foundation (Position 50+ / Unranked),"Set unique, keyword-rich title tags (<60 chars)","Set unique, keyword-rich title tags (<60 chars)
Write compelling meta descriptions (150–160 chars)
Add proper heading hierarchy (H1 → H2 → H3)
Ensure page is indexable (no noindex, no canonical issues)
Add Open Graph and Twitter card meta tags"
https://simplyenak.com/nl/tours/locations/food-tours-melaka,colony,location:food-tours-melaka,0.5,60,1,Foundation (Position 50+ / Unranked),"Set unique, keyword-rich title tags (<60 chars)","Set unique, keyword-rich title tags (<60 chars)
Write compelling meta descriptions (150–160 chars)
Add proper heading hierarchy (H1 → H2 → H3)
Ensure page is indexable (no noindex, no canonical issues)
Add Open Graph and Twitter card meta tags"
https://simplyenak.com/nl/tours/locations/food-tours-penang,colony,location:food-tours-penang,0.5,60,1,Foundation (Position 50+ / Unranked),"Set unique, keyword-rich title tags (<60 chars)","Set unique, keyword-rich title tags (<60 chars)
Write compelling meta descriptions (150–160 chars)
Add proper heading hierarchy (H1 → H2 → H3)
Ensure page is indexable (no noindex, no canonical issues)
Add Open Graph and Twitter card meta tags"
https://simplyenak.com/nl/tours/locations/georgetown-heritage-food-tour,colony,location:georgetown-heritage-food-tour,0.5,60,1,Foundation (Position 50+ / Unranked),"Set unique, keyword-rich title tags (<60 chars)","Set unique, keyword-rich title tags (<60 chars)
Write compelling meta descriptions (150–160 chars)
Add proper heading hierarchy (H1 → H2 → H3)
Ensure page is indexable (no noindex, no canonical issues)
Add Open Graph and Twitter card meta tags"
https://simplyenak.com/nl/tours/locations/gurney-drive-food-tour,colony,location:gurney-drive-food-tour,0.5,60,1,Foundation (Position 50+ / Unranked),"Set unique, keyword-rich title tags (<60 chars)","Set unique, keyword-rich title tags (<60 chars)
Write compelling meta descriptions (150–160 chars)
Add proper heading hierarchy (H1 → H2 → H3)
Ensure page is indexable (no noindex, no canonical issues)
Add Open Graph and Twitter card meta tags"
https://simplyenak.com/nl/tours/locations/kampung-baru-food-tour,colony,location:kampung-baru-food-tour,0.5,60,1,Foundation (Position 50+ / Unranked),"Set unique, keyword-rich title tags (<60 chars)","Set unique, keyword-rich title tags (<60 chars)
Write compelling meta descriptions (150–160 chars)
Add proper heading hierarchy (H1 → H2 → H3)
Ensure page is indexable (no noindex, no canonical issues)
Add Open Graph and Twitter card meta tags"
https://simplyenak.com/nl/tours/locations/little-india-food-tour-kuala-lumpur,colony,location:little-india-food-tour-kuala-lumpur,0.5,60,1,Foundation (Position 50+ / Unranked),"Set unique, keyword-rich title tags (<60 chars)","Set unique, keyword-rich title tags (<60 chars)
Write compelling meta descriptions (150–160 chars)
Add proper heading hierarchy (H1 → H2 → H3)
Ensure page is indexable (no noindex, no canonical issues)
Add Open Graph and Twitter card meta tags"
https://simplyenak.com/nl/tours/locations/little-india-food-tour-penang,colony,location:little-india-food-tour-penang,0.5,60,1,Foundation (Position 50+ / Unranked),"Set unique, keyword-rich title tags (<60 chars)","Set unique, keyword-rich title tags (<60 chars)
Write compelling meta descriptions (150–160 chars)
Add proper heading hierarchy (H1 → H2 → H3)
Ensure page is indexable (no noindex, no canonical issues)
Add Open Graph and Twitter card meta tags"
https://simplyenak.com/nl/tours/segments/food-tours-for-chefs,colony,segment:food-tours-for-chefs,0.5,60,1,Foundation (Position 50+ / Unranked),"Set unique, keyword-rich title tags (<60 chars)","Set unique, keyword-rich title tags (<60 chars)
Write compelling meta descriptions (150–160 chars)
Add proper heading hierarchy (H1 → H2 → H3)
Ensure page is indexable (no noindex, no canonical issues)
Add Open Graph and Twitter card meta tags"
https://simplyenak.com/nl/tours/segments/food-tours-for-couples-kuala-lumpur,colony,segment:food-tours-for-couples-kuala-lumpur,0.5,60,1,Foundation (Position 50+ / Unranked),"Set unique, keyword-rich title tags (<60 chars)","Set unique, keyword-rich title tags (<60 chars)
Write compelling meta descriptions (150–160 chars)
Add proper heading hierarchy (H1 → H2 → H3)
Ensure page is indexable (no noindex, no canonical issues)
Add Open Graph and Twitter card meta tags"
https://simplyenak.com/nl/tours/segments/food-tours-for-couples-penang,colony,segment:food-tours-for-couples-penang,0.5,60,1,Foundation (Position 50+ / Unranked),"Set unique, keyword-rich title tags (<60 chars)","Set unique, keyword-rich title tags (<60 chars)
Write compelling meta descriptions (150–160 chars)
Add proper heading hierarchy (H1 → H2 → H3)
Ensure page is indexable (no noindex, no canonical issues)
Add Open Graph and Twitter card meta tags"
https://simplyenak.com/nl/tours/segments/food-tours-for-families-kuala-lumpur,colony,segment:food-tours-for-families-kuala-lumpur,0.5,60,1,Foundation (Position 50+ / Unranked),"Set unique, keyword-rich title tags (<60 chars)","Set unique, keyword-rich title tags (<60 chars)
Write compelling meta descriptions (150–160 chars)
Add proper heading hierarchy (H1 → H2 → H3)
Ensure page is indexable (no noindex, no canonical issues)
Add Open Graph and Twitter card meta tags"
https://simplyenak.com/nl/tours/segments/food-tours-for-families-penang,colony,segment:food-tours-for-families-penang,0.5,60,1,Foundation (Position 50+ / Unranked),"Set unique, keyword-rich title tags (<60 chars)","Set unique, keyword-rich title tags (<60 chars)
Write compelling meta descriptions (150–160 chars)
Add proper heading hierarchy (H1 → H2 → H3)
Ensure page is indexable (no noindex, no canonical issues)
Add Open Graph and Twitter card meta tags"
https://simplyenak.com/nl/tours/segments/food-tours-for-foodies-kuala-lumpur,colony,segment:food-tours-for-foodies-kuala-lumpur,0.5,60,1,Foundation (Position 50+ / Unranked),"Set unique, keyword-rich title tags (<60 chars)","Set unique, keyword-rich title tags (<60 chars)
Write compelling meta descriptions (150–160 chars)
Add proper heading hierarchy (H1 → H2 → H3)
Ensure page is indexable (no noindex, no canonical issues)
Add Open Graph and Twitter card meta tags"
https://simplyenak.com/nl/tours/segments/food-tours-for-foodies-penang,colony,segment:food-tours-for-foodies-penang,0.5,60,1,Foundation (Position 50+ / Unranked),"Set unique, keyword-rich title tags (<60 chars)","Set unique, keyword-rich title tags (<60 chars)
Write compelling meta descriptions (150–160 chars)
Add proper heading hierarchy (H1 → H2 → H3)
Ensure page is indexable (no noindex, no canonical issues)
Add Open Graph and Twitter card meta tags"
https://simplyenak.com/nl/tours/segments/food-tours-for-wedding-groups,colony,segment:food-tours-for-wedding-groups,0.5,60,1,Foundation (Position 50+ / Unranked),"Set unique, keyword-rich title tags (<60 chars)","Set unique, keyword-rich title tags (<60 chars)
Write compelling meta descriptions (150–160 chars)
Add proper heading hierarchy (H1 → H2 → H3)
Ensure page is indexable (no noindex, no canonical issues)
Add Open Graph and Twitter card meta tags"
https://simplyenak.com/nl/tours/specialty/heritage-food-tours,colony,specialty:heritage-food-tours,0.5,60,1,Foundation (Position 50+ / Unranked),"Set unique, keyword-rich title tags (<60 chars)","Set unique, keyword-rich title tags (<60 chars)
Write compelling meta descriptions (150–160 chars)
Add proper heading hierarchy (H1 → H2 → H3)
Ensure page is indexable (no noindex, no canonical issues)
Add Open Graph and Twitter card meta tags"
https://simplyenak.com/nl/tours/specialty/heritage-food-tours-kuala-lumpur,colony,specialty:heritage-food-tours-kuala-lumpur,0.5,60,1,Foundation (Position 50+ / Unranked),"Set unique, keyword-rich title tags (<60 chars)","Set unique, keyword-rich title tags (<60 chars)
Write compelling meta descriptions (150–160 chars)
Add proper heading hierarchy (H1 → H2 → H3)
Ensure page is indexable (no noindex, no canonical issues)
Add Open Graph and Twitter card meta tags"
https://simplyenak.com/nl/tours/specialty/heritage-food-tours-penang,colony,specialty:heritage-food-tours-penang,0.5,60,1,Foundation (Position 50+ / Unranked),"Set unique, keyword-rich title tags (<60 chars)","Set unique, keyword-rich title tags (<60 chars)
Write compelling meta descriptions (150–160 chars)
Add proper heading hierarchy (H1 → H2 → H3)
Ensure page is indexable (no noindex, no canonical issues)
Add Open Graph and Twitter card meta tags"
https://simplyenak.com/nl/tours/specialty/market-tours,colony,specialty:market-tours,0.5,60,1,Foundation (Position 50+ / Unranked),"Set unique, keyword-rich title tags (<60 chars)","Set unique, keyword-rich title tags (<60 chars)
Write compelling meta descriptions (150–160 chars)
Add proper heading hierarchy (H1 → H2 → H3)
Ensure page is indexable (no noindex, no canonical issues)
Add Open Graph and Twitter card meta tags"
https://simplyenak.com/nl/tours/specialty/market-tours-kuala-lumpur,colony,specialty:market-tours-kuala-lumpur,0.5,60,1,Foundation (Position 50+ / Unranked),"Set unique, keyword-rich title tags (<60 chars)","Set unique, keyword-rich title tags (<60 chars)
Write compelling meta descriptions (150–160 chars)
Add proper heading hierarchy (H1 → H2 → H3)
Ensure page is indexable (no noindex, no canonical issues)
Add Open Graph and Twitter card meta tags"
https://simplyenak.com/nl/tours/specialty/market-tours-penang,colony,specialty:market-tours-penang,0.5,60,1,Foundation (Position 50+ / Unranked),"Set unique, keyword-rich title tags (<60 chars)","Set unique, keyword-rich title tags (<60 chars)
Write compelling meta descriptions (150–160 chars)
Add proper heading hierarchy (H1 → H2 → H3)
Ensure page is indexable (no noindex, no canonical issues)
Add Open Graph and Twitter card meta tags"
https://simplyenak.com/nl/tours/specialty/night-food-tours,colony,specialty:night-food-tours,0.5,60,1,Foundation (Position 50+ / Unranked),"Set unique, keyword-rich title tags (<60 chars)","Set unique, keyword-rich title tags (<60 chars)
Write compelling meta descriptions (150–160 chars)
Add proper heading hierarchy (H1 → H2 → H3)
Ensure page is indexable (no noindex, no canonical issues)
Add Open Graph and Twitter card meta tags"
https://simplyenak.com/nl/tours/specialty/night-food-tours-kuala-lumpur,colony,specialty:night-food-tours-kuala-lumpur,0.5,60,1,Foundation (Position 50+ / Unranked),"Set unique, keyword-rich title tags (<60 chars)","Set unique, keyword-rich title tags (<60 chars)
Write compelling meta descriptions (150–160 chars)
Add proper heading hierarchy (H1 → H2 → H3)
Ensure page is indexable (no noindex, no canonical issues)
Add Open Graph and Twitter card meta tags"
https://simplyenak.com/nl/tours/specialty/night-food-tours-penang,colony,specialty:night-food-tours-penang,0.5,60,1,Foundation (Position 50+ / Unranked),"Set unique, keyword-rich title tags (<60 chars)","Set unique, keyword-rich title tags (<60 chars)
Write compelling meta descriptions (150–160 chars)
Add proper heading hierarchy (H1 → H2 → H3)
Ensure page is indexable (no noindex, no canonical issues)
Add Open Graph and Twitter card meta tags"
https://simplyenak.com/nl/tours/specialty/street-food-tours,colony,specialty:street-food-tours,0.5,60,1,Foundation (Position 50+ / Unranked),"Set unique, keyword-rich title tags (<60 chars)","Set unique, keyword-rich title tags (<60 chars)
Write compelling meta descriptions (150–160 chars)
Add proper heading hierarchy (H1 → H2 → H3)
Ensure page is indexable (no noindex, no canonical issues)
Add Open Graph and Twitter card meta tags"
https://simplyenak.com/nl/tours/specialty/street-food-tours-kuala-lumpur,colony,specialty:street-food-tours-kuala-lumpur,0.5,60,1,Foundation (Position 50+ / Unranked),"Set unique, keyword-rich title tags (<60 chars)","Set unique, keyword-rich title tags (<60 chars)
Write compelling meta descriptions (150–160 chars)
Add proper heading hierarchy (H1 → H2 → H3)
Ensure page is indexable (no noindex, no canonical issues)
Add Open Graph and Twitter card meta tags"
https://simplyenak.com/nl/tours/specialty/street-food-tours-penang,colony,specialty:street-food-tours-penang,0.5,60,1,Foundation (Position 50+ / Unranked),"Set unique, keyword-rich title tags (<60 chars)","Set unique, keyword-rich title tags (<60 chars)
Write compelling meta descriptions (150–160 chars)
Add proper heading hierarchy (H1 → H2 → H3)
Ensure page is indexable (no noindex, no canonical issues)
Add Open Graph and Twitter card meta tags"
https://simplyenak.com/pt/tours/dietary/gluten-free-food-tours,colony,dietary:gluten-free-food-tours,0.5,60,1,Foundation (Position 50+ / Unranked),"Set unique, keyword-rich title tags (<60 chars)","Set unique, keyword-rich title tags (<60 chars)
Write compelling meta descriptions (150–160 chars)
Add proper heading hierarchy (H1 → H2 → H3)
Ensure page is indexable (no noindex, no canonical issues)
Add Open Graph and Twitter card meta tags"
https://simplyenak.com/pt/tours/dietary/gluten-free-food-tours-kuala-lumpur,colony,dietary:gluten-free-food-tours-kuala-lumpur,0.5,60,1,Foundation (Position 50+ / Unranked),"Set unique, keyword-rich title tags (<60 chars)","Set unique, keyword-rich title tags (<60 chars)
Write compelling meta descriptions (150–160 chars)
Add proper heading hierarchy (H1 → H2 → H3)
Ensure page is indexable (no noindex, no canonical issues)
Add Open Graph and Twitter card meta tags"
https://simplyenak.com/pt/tours/dietary/gluten-free-food-tours-penang,colony,dietary:gluten-free-food-tours-penang,0.5,60,1,Foundation (Position 50+ / Unranked),"Set unique, keyword-rich title tags (<60 chars)","Set unique, keyword-rich title tags (<60 chars)
Write compelling meta descriptions (150–160 chars)
Add proper heading hierarchy (H1 → H2 → H3)
Ensure page is indexable (no noindex, no canonical issues)
Add Open Graph and Twitter card meta tags"
https://simplyenak.com/pt/tours/dietary/halal-food-tours,colony,dietary:halal-food-tours,0.5,60,1,Foundation (Position 50+ / Unranked),"Set unique, keyword-rich title tags (<60 chars)","Set unique, keyword-rich title tags (<60 chars)
Write compelling meta descriptions (150–160 chars)
Add proper heading hierarchy (H1 → H2 → H3)
Ensure page is indexable (no noindex, no canonical issues)
Add Open Graph and Twitter card meta tags"
https://simplyenak.com/pt/tours/dietary/halal-food-tours-kuala-lumpur,colony,dietary:halal-food-tours-kuala-lumpur,0.5,60,1,Foundation (Position 50+ / Unranked),"Set unique, keyword-rich title tags (<60 chars)","Set unique, keyword-rich title tags (<60 chars)
Write compelling meta descriptions (150–160 chars)
Add proper heading hierarchy (H1 → H2 → H3)
Ensure page is indexable (no noindex, no canonical issues)
Add Open Graph and Twitter card meta tags"
https://simplyenak.com/pt/tours/dietary/halal-food-tours-penang,colony,dietary:halal-food-tours-penang,0.5,60,1,Foundation (Position 50+ / Unranked),"Set unique, keyword-rich title tags (<60 chars)","Set unique, keyword-rich title tags (<60 chars)
Write compelling meta descriptions (150–160 chars)
Add proper heading hierarchy (H1 → H2 → H3)
Ensure page is indexable (no noindex, no canonical issues)
Add Open Graph and Twitter card meta tags"
https://simplyenak.com/pt/tours/dietary/jain-food-tours,colony,dietary:jain-food-tours,0.5,60,1,Foundation (Position 50+ / Unranked),"Set unique, keyword-rich title tags (<60 chars)","Set unique, keyword-rich title tags (<60 chars)
Write compelling meta descriptions (150–160 chars)
Add proper heading hierarchy (H1 → H2 → H3)
Ensure page is indexable (no noindex, no canonical issues)
Add Open Graph and Twitter card meta tags"
https://simplyenak.com/pt/tours/dietary/jain-food-tours-kuala-lumpur,colony,dietary:jain-food-tours-kuala-lumpur,0.5,60,1,Foundation (Position 50+ / Unranked),"Set unique, keyword-rich title tags (<60 chars)","Set unique, keyword-rich title tags (<60 chars)
Write compelling meta descriptions (150–160 chars)
Add proper heading hierarchy (H1 → H2 → H3)
Ensure page is indexable (no noindex, no canonical issues)
Add Open Graph and Twitter card meta tags"
https://simplyenak.com/pt/tours/dietary/jain-food-tours-penang,colony,dietary:jain-food-tours-penang,0.5,60,1,Foundation (Position 50+ / Unranked),"Set unique, keyword-rich title tags (<60 chars)","Set unique, keyword-rich title tags (<60 chars)
Write compelling meta descriptions (150–160 chars)
Add proper heading hierarchy (H1 → H2 → H3)
Ensure page is indexable (no noindex, no canonical issues)
Add Open Graph and Twitter card meta tags"
https://simplyenak.com/pt/tours/dietary/vegan-food-tours,colony,dietary:vegan-food-tours,0.5,60,1,Foundation (Position 50+ / Unranked),"Set unique, keyword-rich title tags (<60 chars)","Set unique, keyword-rich title tags (<60 chars)
Write compelling meta descriptions (150–160 chars)
Add proper heading hierarchy (H1 → H2 → H3)
Ensure page is indexable (no noindex, no canonical issues)
Add Open Graph and Twitter card meta tags"
https://simplyenak.com/pt/tours/dietary/vegan-food-tours-kuala-lumpur,colony,dietary:vegan-food-tours-kuala-lumpur,0.5,60,1,Foundation (Position 50+ / Unranked),"Set unique, keyword-rich title tags (<60 chars)","Set unique, keyword-rich title tags (<60 chars)
Write compelling meta descriptions (150–160 chars)
Add proper heading hierarchy (H1 → H2 → H3)
Ensure page is indexable (no noindex, no canonical issues)
Add Open Graph and Twitter card meta tags"
https://simplyenak.com/pt/tours/dietary/vegan-food-tours-penang,colony,dietary:vegan-food-tours-penang,0.5,60,1,Foundation (Position 50+ / Unranked),"Set unique, keyword-rich title tags (<60 chars)","Set unique, keyword-rich title tags (<60 chars)
Write compelling meta descriptions (150–160 chars)
Add proper heading hierarchy (H1 → H2 → H3)
Ensure page is indexable (no noindex, no canonical issues)
Add Open Graph and Twitter card meta tags"
https://simplyenak.com/pt/tours/dietary/vegetarian-food-tours,colony,dietary:vegetarian-food-tours,0.5,60,1,Foundation (Position 50+ / Unranked),"Set unique, keyword-rich title tags (<60 chars)","Set unique, keyword-rich title tags (<60 chars)
Write compelling meta descriptions (150–160 chars)
Add proper heading hierarchy (H1 → H2 → H3)
Ensure page is indexable (no noindex, no canonical issues)
Add Open Graph and Twitter card meta tags"
https://simplyenak.com/pt/tours/dietary/vegetarian-food-tours-kuala-lumpur,colony,dietary:vegetarian-food-tours-kuala-lumpur,0.5,60,1,Foundation (Position 50+ / Unranked),"Set unique, keyword-rich title tags (<60 chars)","Set unique, keyword-rich title tags (<60 chars)
Write compelling meta descriptions (150–160 chars)
Add proper heading hierarchy (H1 → H2 → H3)
Ensure page is indexable (no noindex, no canonical issues)
Add Open Graph and Twitter card meta tags"
https://simplyenak.com/pt/tours/dietary/vegetarian-food-tours-penang,colony,dietary:vegetarian-food-tours-penang,0.5,60,1,Foundation (Position 50+ / Unranked),"Set unique, keyword-rich title tags (<60 chars)","Set unique, keyword-rich title tags (<60 chars)
Write compelling meta descriptions (150–160 chars)
Add proper heading hierarchy (H1 → H2 → H3)
Ensure page is indexable (no noindex, no canonical issues)
Add Open Graph and Twitter card meta tags"
https://simplyenak.com/pt/tours/locations/chinatown-food-tour-kuala-lumpur,colony,location:chinatown-food-tour-kuala-lumpur,0.5,60,1,Foundation (Position 50+ / Unranked),"Set unique, keyword-rich title tags (<60 chars)","Set unique, keyword-rich title tags (<60 chars)
Write compelling meta descriptions (150–160 chars)
Add proper heading hierarchy (H1 → H2 → H3)
Ensure page is indexable (no noindex, no canonical issues)
Add Open Graph and Twitter card meta tags"
https://simplyenak.com/pt/tours/locations/chow-kit-market-food-tour,colony,location:chow-kit-market-food-tour,0.5,60,1,Foundation (Position 50+ / Unranked),"Set unique, keyword-rich title tags (<60 chars)","Set unique, keyword-rich title tags (<60 chars)
Write compelling meta descriptions (150–160 chars)
Add proper heading hierarchy (H1 → H2 → H3)
Ensure page is indexable (no noindex, no canonical issues)
Add Open Graph and Twitter card meta tags"
https://simplyenak.com/pt/tours/locations/chowrasta-market-food-tour,colony,location:chowrasta-market-food-tour,0.5,60,1,Foundation (Position 50+ / Unranked),"Set unique, keyword-rich title tags (<60 chars)","Set unique, keyword-rich title tags (<60 chars)
Write compelling meta descriptions (150–160 chars)
Add proper heading hierarchy (H1 → H2 → H3)
Ensure page is indexable (no noindex, no canonical issues)
Add Open Graph and Twitter card meta tags"
https://simplyenak.com/pt/tours/locations/food-tours-ipoh,colony,location:food-tours-ipoh,0.5,60,1,Foundation (Position 50+ / Unranked),"Set unique, keyword-rich title tags (<60 chars)","Set unique, keyword-rich title tags (<60 chars)
Write compelling meta descriptions (150–160 chars)
Add proper heading hierarchy (H1 → H2 → H3)
Ensure page is indexable (no noindex, no canonical issues)
Add Open Graph and Twitter card meta tags"
https://simplyenak.com/pt/tours/locations/food-tours-klang,colony,location:food-tours-klang,0.5,60,1,Foundation (Position 50+ / Unranked),"Set unique, keyword-rich title tags (<60 chars)","Set unique, keyword-rich title tags (<60 chars)
Write compelling meta descriptions (150–160 chars)
Add proper heading hierarchy (H1 → H2 → H3)
Ensure page is indexable (no noindex, no canonical issues)
Add Open Graph and Twitter card meta tags"
https://simplyenak.com/pt/tours/locations/food-tours-kuala-lumpur,colony,location:food-tours-kuala-lumpur,0.5,60,1,Foundation (Position 50+ / Unranked),"Set unique, keyword-rich title tags (<60 chars)","Set unique, keyword-rich title tags (<60 chars)
Write compelling meta descriptions (150–160 chars)
Add proper heading hierarchy (H1 → H2 → H3)
Ensure page is indexable (no noindex, no canonical issues)
Add Open Graph and Twitter card meta tags"
https://simplyenak.com/pt/tours/locations/food-tours-melaka,colony,location:food-tours-melaka,0.5,60,1,Foundation (Position 50+ / Unranked),"Set unique, keyword-rich title tags (<60 chars)","Set unique, keyword-rich title tags (<60 chars)
Write compelling meta descriptions (150–160 chars)
Add proper heading hierarchy (H1 → H2 → H3)
Ensure page is indexable (no noindex, no canonical issues)
Add Open Graph and Twitter card meta tags"
https://simplyenak.com/pt/tours/locations/food-tours-penang,colony,location:food-tours-penang,0.5,60,1,Foundation (Position 50+ / Unranked),"Set unique, keyword-rich title tags (<60 chars)","Set unique, keyword-rich title tags (<60 chars)
Write compelling meta descriptions (150–160 chars)
Add proper heading hierarchy (H1 → H2 → H3)
Ensure page is indexable (no noindex, no canonical issues)
Add Open Graph and Twitter card meta tags"
https://simplyenak.com/pt/tours/locations/georgetown-heritage-food-tour,colony,location:georgetown-heritage-food-tour,0.5,60,1,Foundation (Position 50+ / Unranked),"Set unique, keyword-rich title tags (<60 chars)","Set unique, keyword-rich title tags (<60 chars)
Write compelling meta descriptions (150–160 chars)
Add proper heading hierarchy (H1 → H2 → H3)
Ensure page is indexable (no noindex, no canonical issues)
Add Open Graph and Twitter card meta tags"
https://simplyenak.com/pt/tours/locations/gurney-drive-food-tour,colony,location:gurney-drive-food-tour,0.5,60,1,Foundation (Position 50+ / Unranked),"Set unique, keyword-rich title tags (<60 chars)","Set unique, keyword-rich title tags (<60 chars)
Write compelling meta descriptions (150–160 chars)
Add proper heading hierarchy (H1 → H2 → H3)
Ensure page is indexable (no noindex, no canonical issues)
Add Open Graph and Twitter card meta tags"
https://simplyenak.com/pt/tours/locations/kampung-baru-food-tour,colony,location:kampung-baru-food-tour,0.5,60,1,Foundation (Position 50+ / Unranked),"Set unique, keyword-rich title tags (<60 chars)","Set unique, keyword-rich title tags (<60 chars)
Write compelling meta descriptions (150–160 chars)
Add proper heading hierarchy (H1 → H2 → H3)
Ensure page is indexable (no noindex, no canonical issues)
Add Open Graph and Twitter card meta tags"
https://simplyenak.com/pt/tours/locations/little-india-food-tour-kuala-lumpur,colony,location:little-india-food-tour-kuala-lumpur,0.5,60,1,Foundation (Position 50+ / Unranked),"Set unique, keyword-rich title tags (<60 chars)","Set unique, keyword-rich title tags (<60 chars)
Write compelling meta descriptions (150–160 chars)
Add proper heading hierarchy (H1 → H2 → H3)
Ensure page is indexable (no noindex, no canonical issues)
Add Open Graph and Twitter card meta tags"
https://simplyenak.com/pt/tours/locations/little-india-food-tour-penang,colony,location:little-india-food-tour-penang,0.5,60,1,Foundation (Position 50+ / Unranked),"Set unique, keyword-rich title tags (<60 chars)","Set unique, keyword-rich title tags (<60 chars)
Write compelling meta descriptions (150–160 chars)
Add proper heading hierarchy (H1 → H2 → H3)
Ensure page is indexable (no noindex, no canonical issues)
Add Open Graph and Twitter card meta tags"
https://simplyenak.com/pt/tours/segments/food-tours-for-chefs,colony,segment:food-tours-for-chefs,0.5,60,1,Foundation (Position 50+ / Unranked),"Set unique, keyword-rich title tags (<60 chars)","Set unique, keyword-rich title tags (<60 chars)
Write compelling meta descriptions (150–160 chars)
Add proper heading hierarchy (H1 → H2 → H3)
Ensure page is indexable (no noindex, no canonical issues)
Add Open Graph and Twitter card meta tags"
https://simplyenak.com/pt/tours/segments/food-tours-for-couples-kuala-lumpur,colony,segment:food-tours-for-couples-kuala-lumpur,0.5,60,1,Foundation (Position 50+ / Unranked),"Set unique, keyword-rich title tags (<60 chars)","Set unique, keyword-rich title tags (<60 chars)
Write compelling meta descriptions (150–160 chars)
Add proper heading hierarchy (H1 → H2 → H3)
Ensure page is indexable (no noindex, no canonical issues)
Add Open Graph and Twitter card meta tags"
https://simplyenak.com/pt/tours/segments/food-tours-for-couples-penang,colony,segment:food-tours-for-couples-penang,0.5,60,1,Foundation (Position 50+ / Unranked),"Set unique, keyword-rich title tags (<60 chars)","Set unique, keyword-rich title tags (<60 chars)
Write compelling meta descriptions (150–160 chars)
Add proper heading hierarchy (H1 → H2 → H3)
Ensure page is indexable (no noindex, no canonical issues)
Add Open Graph and Twitter card meta tags"
https://simplyenak.com/pt/tours/segments/food-tours-for-families-kuala-lumpur,colony,segment:food-tours-for-families-kuala-lumpur,0.5,60,1,Foundation (Position 50+ / Unranked),"Set unique, keyword-rich title tags (<60 chars)","Set unique, keyword-rich title tags (<60 chars)
Write compelling meta descriptions (150–160 chars)
Add proper heading hierarchy (H1 → H2 → H3)
Ensure page is indexable (no noindex, no canonical issues)
Add Open Graph and Twitter card meta tags"
https://simplyenak.com/pt/tours/segments/food-tours-for-families-penang,colony,segment:food-tours-for-families-penang,0.5,60,1,Foundation (Position 50+ / Unranked),"Set unique, keyword-rich title tags (<60 chars)","Set unique, keyword-rich title tags (<60 chars)
Write compelling meta descriptions (150–160 chars)
Add proper heading hierarchy (H1 → H2 → H3)
Ensure page is indexable (no noindex, no canonical issues)
Add Open Graph and Twitter card meta tags"
https://simplyenak.com/pt/tours/segments/food-tours-for-foodies-kuala-lumpur,colony,segment:food-tours-for-foodies-kuala-lumpur,0.5,60,1,Foundation (Position 50+ / Unranked),"Set unique, keyword-rich title tags (<60 chars)","Set unique, keyword-rich title tags (<60 chars)
Write compelling meta descriptions (150–160 chars)
Add proper heading hierarchy (H1 → H2 → H3)
Ensure page is indexable (no noindex, no canonical issues)
Add Open Graph and Twitter card meta tags"
https://simplyenak.com/pt/tours/segments/food-tours-for-foodies-penang,colony,segment:food-tours-for-foodies-penang,0.5,60,1,Foundation (Position 50+ / Unranked),"Set unique, keyword-rich title tags (<60 chars)","Set unique, keyword-rich title tags (<60 chars)
Write compelling meta descriptions (150–160 chars)
Add proper heading hierarchy (H1 → H2 → H3)
Ensure page is indexable (no noindex, no canonical issues)
Add Open Graph and Twitter card meta tags"
https://simplyenak.com/pt/tours/segments/food-tours-for-wedding-groups,colony,segment:food-tours-for-wedding-groups,0.5,60,1,Foundation (Position 50+ / Unranked),"Set unique, keyword-rich title tags (<60 chars)","Set unique, keyword-rich title tags (<60 chars)
Write compelling meta descriptions (150–160 chars)
Add proper heading hierarchy (H1 → H2 → H3)
Ensure page is indexable (no noindex, no canonical issues)
Add Open Graph and Twitter card meta tags"
https://simplyenak.com/pt/tours/specialty/heritage-food-tours,colony,specialty:heritage-food-tours,0.5,60,1,Foundation (Position 50+ / Unranked),"Set unique, keyword-rich title tags (<60 chars)","Set unique, keyword-rich title tags (<60 chars)
Write compelling meta descriptions (150–160 chars)
Add proper heading hierarchy (H1 → H2 → H3)
Ensure page is indexable (no noindex, no canonical issues)
Add Open Graph and Twitter card meta tags"
https://simplyenak.com/pt/tours/specialty/heritage-food-tours-kuala-lumpur,colony,specialty:heritage-food-tours-kuala-lumpur,0.5,60,1,Foundation (Position 50+ / Unranked),"Set unique, keyword-rich title tags (<60 chars)","Set unique, keyword-rich title tags (<60 chars)
Write compelling meta descriptions (150–160 chars)
Add proper heading hierarchy (H1 → H2 → H3)
Ensure page is indexable (no noindex, no canonical issues)
Add Open Graph and Twitter card meta tags"
https://simplyenak.com/pt/tours/specialty/heritage-food-tours-penang,colony,specialty:heritage-food-tours-penang,0.5,60,1,Foundation (Position 50+ / Unranked),"Set unique, keyword-rich title tags (<60 chars)","Set unique, keyword-rich title tags (<60 chars)
Write compelling meta descriptions (150–160 chars)
Add proper heading hierarchy (H1 → H2 → H3)
Ensure page is indexable (no noindex, no canonical issues)
Add Open Graph and Twitter card meta tags"
https://simplyenak.com/pt/tours/specialty/market-tours,colony,specialty:market-tours,0.5,60,1,Foundation (Position 50+ / Unranked),"Set unique, keyword-rich title tags (<60 chars)","Set unique, keyword-rich title tags (<60 chars)
Write compelling meta descriptions (150–160 chars)
Add proper heading hierarchy (H1 → H2 → H3)
Ensure page is indexable (no noindex, no canonical issues)
Add Open Graph and Twitter card meta tags"
https://simplyenak.com/pt/tours/specialty/market-tours-kuala-lumpur,colony,specialty:market-tours-kuala-lumpur,0.5,60,1,Foundation (Position 50+ / Unranked),"Set unique, keyword-rich title tags (<60 chars)","Set unique, keyword-rich title tags (<60 chars)
Write compelling meta descriptions (150–160 chars)
Add proper heading hierarchy (H1 → H2 → H3)
Ensure page is indexable (no noindex, no canonical issues)
Add Open Graph and Twitter card meta tags"
https://simplyenak.com/pt/tours/specialty/market-tours-penang,colony,specialty:market-tours-penang,0.5,60,1,Foundation (Position 50+ / Unranked),"Set unique, keyword-rich title tags (<60 chars)","Set unique, keyword-rich title tags (<60 chars)
Write compelling meta descriptions (150–160 chars)
Add proper heading hierarchy (H1 → H2 → H3)
Ensure page is indexable (no noindex, no canonical issues)
Add Open Graph and Twitter card meta tags"
https://simplyenak.com/pt/tours/specialty/night-food-tours,colony,specialty:night-food-tours,0.5,60,1,Foundation (Position 50+ / Unranked),"Set unique, keyword-rich title tags (<60 chars)","Set unique, keyword-rich title tags (<60 chars)
Write compelling meta descriptions (150–160 chars)
Add proper heading hierarchy (H1 → H2 → H3)
Ensure page is indexable (no noindex, no canonical issues)
Add Open Graph and Twitter card meta tags"
https://simplyenak.com/pt/tours/specialty/night-food-tours-kuala-lumpur,colony,specialty:night-food-tours-kuala-lumpur,0.5,60,1,Foundation (Position 50+ / Unranked),"Set unique, keyword-rich title tags (<60 chars)","Set unique, keyword-rich title tags (<60 chars)
Write compelling meta descriptions (150–160 chars)
Add proper heading hierarchy (H1 → H2 → H3)
Ensure page is indexable (no noindex, no canonical issues)
Add Open Graph and Twitter card meta tags"
https://simplyenak.com/pt/tours/specialty/night-food-tours-penang,colony,specialty:night-food-tours-penang,0.5,60,1,Foundation (Position 50+ / Unranked),"Set unique, keyword-rich title tags (<60 chars)","Set unique, keyword-rich title tags (<60 chars)
Write compelling meta descriptions (150–160 chars)
Add proper heading hierarchy (H1 → H2 → H3)
Ensure page is indexable (no noindex, no canonical issues)
Add Open Graph and Twitter card meta tags"
https://simplyenak.com/pt/tours/specialty/street-food-tours,colony,specialty:street-food-tours,0.5,60,1,Foundation (Position 50+ / Unranked),"Set unique, keyword-rich title tags (<60 chars)","Set unique, keyword-rich title tags (<60 chars)
Write compelling meta descriptions (150–160 chars)
Add proper heading hierarchy (H1 → H2 → H3)
Ensure page is indexable (no noindex, no canonical issues)
Add Open Graph and Twitter card meta tags"
https://simplyenak.com/pt/tours/specialty/street-food-tours-kuala-lumpur,colony,specialty:street-food-tours-kuala-lumpur,0.5,60,1,Foundation (Position 50+ / Unranked),"Set unique, keyword-rich title tags (<60 chars)","Set unique, keyword-rich title tags (<60 chars)
Write compelling meta descriptions (150–160 chars)
Add proper heading hierarchy (H1 → H2 → H3)
Ensure page is indexable (no noindex, no canonical issues)
Add Open Graph and Twitter card meta tags"
https://simplyenak.com/pt/tours/specialty/street-food-tours-penang,colony,specialty:street-food-tours-penang,0.5,60,1,Foundation (Position 50+ / Unranked),"Set unique, keyword-rich title tags (<60 chars)","Set unique, keyword-rich title tags (<60 chars)
Write compelling meta descriptions (150–160 chars)
Add proper heading hierarchy (H1 → H2 → H3)
Ensure page is indexable (no noindex, no canonical issues)
Add Open Graph and Twitter card meta tags"
https://simplyenak.com/ru/tours/dietary/gluten-free-food-tours,colony,dietary:gluten-free-food-tours,0.5,60,1,Foundation (Position 50+ / Unranked),"Set unique, keyword-rich title tags (<60 chars)","Set unique, keyword-rich title tags (<60 chars)
Write compelling meta descriptions (150–160 chars)
Add proper heading hierarchy (H1 → H2 → H3)
Ensure page is indexable (no noindex, no canonical issues)
Add Open Graph and Twitter card meta tags"
https://simplyenak.com/ru/tours/dietary/gluten-free-food-tours-kuala-lumpur,colony,dietary:gluten-free-food-tours-kuala-lumpur,0.5,60,1,Foundation (Position 50+ / Unranked),"Set unique, keyword-rich title tags (<60 chars)","Set unique, keyword-rich title tags (<60 chars)
Write compelling meta descriptions (150–160 chars)
Add proper heading hierarchy (H1 → H2 → H3)
Ensure page is indexable (no noindex, no canonical issues)
Add Open Graph and Twitter card meta tags"
https://simplyenak.com/ru/tours/dietary/gluten-free-food-tours-penang,colony,dietary:gluten-free-food-tours-penang,0.5,60,1,Foundation (Position 50+ / Unranked),"Set unique, keyword-rich title tags (<60 chars)","Set unique, keyword-rich title tags (<60 chars)
Write compelling meta descriptions (150–160 chars)
Add proper heading hierarchy (H1 → H2 → H3)
Ensure page is indexable (no noindex, no canonical issues)
Add Open Graph and Twitter card meta tags"
https://simplyenak.com/ru/tours/dietary/halal-food-tours,colony,dietary:halal-food-tours,0.5,60,1,Foundation (Position 50+ / Unranked),"Set unique, keyword-rich title tags (<60 chars)","Set unique, keyword-rich title tags (<60 chars)
Write compelling meta descriptions (150–160 chars)
Add proper heading hierarchy (H1 → H2 → H3)
Ensure page is indexable (no noindex, no canonical issues)
Add Open Graph and Twitter card meta tags"
https://simplyenak.com/ru/tours/dietary/halal-food-tours-kuala-lumpur,colony,dietary:halal-food-tours-kuala-lumpur,0.5,60,1,Foundation (Position 50+ / Unranked),"Set unique, keyword-rich title tags (<60 chars)","Set unique, keyword-rich title tags (<60 chars)
Write compelling meta descriptions (150–160 chars)
Add proper heading hierarchy (H1 → H2 → H3)
Ensure page is indexable (no noindex, no canonical issues)
Add Open Graph and Twitter card meta tags"
https://simplyenak.com/ru/tours/dietary/halal-food-tours-penang,colony,dietary:halal-food-tours-penang,0.5,60,1,Foundation (Position 50+ / Unranked),"Set unique, keyword-rich title tags (<60 chars)","Set unique, keyword-rich title tags (<60 chars)
Write compelling meta descriptions (150–160 chars)
Add proper heading hierarchy (H1 → H2 → H3)
Ensure page is indexable (no noindex, no canonical issues)
Add Open Graph and Twitter card meta tags"
https://simplyenak.com/ru/tours/dietary/jain-food-tours,colony,dietary:jain-food-tours,0.5,60,1,Foundation (Position 50+ / Unranked),"Set unique, keyword-rich title tags (<60 chars)","Set unique, keyword-rich title tags (<60 chars)
Write compelling meta descriptions (150–160 chars)
Add proper heading hierarchy (H1 → H2 → H3)
Ensure page is indexable (no noindex, no canonical issues)
Add Open Graph and Twitter card meta tags"
https://simplyenak.com/ru/tours/dietary/jain-food-tours-kuala-lumpur,colony,dietary:jain-food-tours-kuala-lumpur,0.5,60,1,Foundation (Position 50+ / Unranked),"Set unique, keyword-rich title tags (<60 chars)","Set unique, keyword-rich title tags (<60 chars)
Write compelling meta descriptions (150–160 chars)
Add proper heading hierarchy (H1 → H2 → H3)
Ensure page is indexable (no noindex, no canonical issues)
Add Open Graph and Twitter card meta tags"
https://simplyenak.com/ru/tours/dietary/jain-food-tours-penang,colony,dietary:jain-food-tours-penang,0.5,60,1,Foundation (Position 50+ / Unranked),"Set unique, keyword-rich title tags (<60 chars)","Set unique, keyword-rich title tags (<60 chars)
Write compelling meta descriptions (150–160 chars)
Add proper heading hierarchy (H1 → H2 → H3)
Ensure page is indexable (no noindex, no canonical issues)
Add Open Graph and Twitter card meta tags"
https://simplyenak.com/ru/tours/dietary/vegan-food-tours,colony,dietary:vegan-food-tours,0.5,60,1,Foundation (Position 50+ / Unranked),"Set unique, keyword-rich title tags (<60 chars)","Set unique, keyword-rich title tags (<60 chars)
Write compelling meta descriptions (150–160 chars)
Add proper heading hierarchy (H1 → H2 → H3)
Ensure page is indexable (no noindex, no canonical issues)
Add Open Graph and Twitter card meta tags"
https://simplyenak.com/ru/tours/dietary/vegan-food-tours-kuala-lumpur,colony,dietary:vegan-food-tours-kuala-lumpur,0.5,60,1,Foundation (Position 50+ / Unranked),"Set unique, keyword-rich title tags (<60 chars)","Set unique, keyword-rich title tags (<60 chars)
Write compelling meta descriptions (150–160 chars)
Add proper heading hierarchy (H1 → H2 → H3)
Ensure page is indexable (no noindex, no canonical issues)
Add Open Graph and Twitter card meta tags"
https://simplyenak.com/ru/tours/dietary/vegan-food-tours-penang,colony,dietary:vegan-food-tours-penang,0.5,60,1,Foundation (Position 50+ / Unranked),"Set unique, keyword-rich title tags (<60 chars)","Set unique, keyword-rich title tags (<60 chars)
Write compelling meta descriptions (150–160 chars)
Add proper heading hierarchy (H1 → H2 → H3)
Ensure page is indexable (no noindex, no canonical issues)
Add Open Graph and Twitter card meta tags"
https://simplyenak.com/ru/tours/dietary/vegetarian-food-tours,colony,dietary:vegetarian-food-tours,0.5,60,1,Foundation (Position 50+ / Unranked),"Set unique, keyword-rich title tags (<60 chars)","Set unique, keyword-rich title tags (<60 chars)
Write compelling meta descriptions (150–160 chars)
Add proper heading hierarchy (H1 → H2 → H3)
Ensure page is indexable (no noindex, no canonical issues)
Add Open Graph and Twitter card meta tags"
https://simplyenak.com/ru/tours/dietary/vegetarian-food-tours-kuala-lumpur,colony,dietary:vegetarian-food-tours-kuala-lumpur,0.5,60,1,Foundation (Position 50+ / Unranked),"Set unique, keyword-rich title tags (<60 chars)","Set unique, keyword-rich title tags (<60 chars)
Write compelling meta descriptions (150–160 chars)
Add proper heading hierarchy (H1 → H2 → H3)
Ensure page is indexable (no noindex, no canonical issues)
Add Open Graph and Twitter card meta tags"
https://simplyenak.com/ru/tours/dietary/vegetarian-food-tours-penang,colony,dietary:vegetarian-food-tours-penang,0.5,60,1,Foundation (Position 50+ / Unranked),"Set unique, keyword-rich title tags (<60 chars)","Set unique, keyword-rich title tags (<60 chars)
Write compelling meta descriptions (150–160 chars)
Add proper heading hierarchy (H1 → H2 → H3)
Ensure page is indexable (no noindex, no canonical issues)
Add Open Graph and Twitter card meta tags"
https://simplyenak.com/ru/tours/locations/chinatown-food-tour-kuala-lumpur,colony,location:chinatown-food-tour-kuala-lumpur,0.5,60,1,Foundation (Position 50+ / Unranked),"Set unique, keyword-rich title tags (<60 chars)","Set unique, keyword-rich title tags (<60 chars)
Write compelling meta descriptions (150–160 chars)
Add proper heading hierarchy (H1 → H2 → H3)
Ensure page is indexable (no noindex, no canonical issues)
Add Open Graph and Twitter card meta tags"
https://simplyenak.com/ru/tours/locations/chow-kit-market-food-tour,colony,location:chow-kit-market-food-tour,0.5,60,1,Foundation (Position 50+ / Unranked),"Set unique, keyword-rich title tags (<60 chars)","Set unique, keyword-rich title tags (<60 chars)
Write compelling meta descriptions (150–160 chars)
Add proper heading hierarchy (H1 → H2 → H3)
Ensure page is indexable (no noindex, no canonical issues)
Add Open Graph and Twitter card meta tags"
https://simplyenak.com/ru/tours/locations/chowrasta-market-food-tour,colony,location:chowrasta-market-food-tour,0.5,60,1,Foundation (Position 50+ / Unranked),"Set unique, keyword-rich title tags (<60 chars)","Set unique, keyword-rich title tags (<60 chars)
Write compelling meta descriptions (150–160 chars)
Add proper heading hierarchy (H1 → H2 → H3)
Ensure page is indexable (no noindex, no canonical issues)
Add Open Graph and Twitter card meta tags"
https://simplyenak.com/ru/tours/locations/food-tours-ipoh,colony,location:food-tours-ipoh,0.5,60,1,Foundation (Position 50+ / Unranked),"Set unique, keyword-rich title tags (<60 chars)","Set unique, keyword-rich title tags (<60 chars)
Write compelling meta descriptions (150–160 chars)
Add proper heading hierarchy (H1 → H2 → H3)
Ensure page is indexable (no noindex, no canonical issues)
Add Open Graph and Twitter card meta tags"
https://simplyenak.com/ru/tours/locations/food-tours-klang,colony,location:food-tours-klang,0.5,60,1,Foundation (Position 50+ / Unranked),"Set unique, keyword-rich title tags (<60 chars)","Set unique, keyword-rich title tags (<60 chars)
Write compelling meta descriptions (150–160 chars)
Add proper heading hierarchy (H1 → H2 → H3)
Ensure page is indexable (no noindex, no canonical issues)
Add Open Graph and Twitter card meta tags"
https://simplyenak.com/ru/tours/locations/food-tours-kuala-lumpur,colony,location:food-tours-kuala-lumpur,0.5,60,1,Foundation (Position 50+ / Unranked),"Set unique, keyword-rich title tags (<60 chars)","Set unique, keyword-rich title tags (<60 chars)
Write compelling meta descriptions (150–160 chars)
Add proper heading hierarchy (H1 → H2 → H3)
Ensure page is indexable (no noindex, no canonical issues)
Add Open Graph and Twitter card meta tags"
https://simplyenak.com/ru/tours/locations/food-tours-melaka,colony,location:food-tours-melaka,0.5,60,1,Foundation (Position 50+ / Unranked),"Set unique, keyword-rich title tags (<60 chars)","Set unique, keyword-rich title tags (<60 chars)
Write compelling meta descriptions (150–160 chars)
Add proper heading hierarchy (H1 → H2 → H3)
Ensure page is indexable (no noindex, no canonical issues)
Add Open Graph and Twitter card meta tags"
https://simplyenak.com/ru/tours/locations/food-tours-penang,colony,location:food-tours-penang,0.5,60,1,Foundation (Position 50+ / Unranked),"Set unique, keyword-rich title tags (<60 chars)","Set unique, keyword-rich title tags (<60 chars)
Write compelling meta descriptions (150–160 chars)
Add proper heading hierarchy (H1 → H2 → H3)
Ensure page is indexable (no noindex, no canonical issues)
Add Open Graph and Twitter card meta tags"
https://simplyenak.com/ru/tours/locations/georgetown-heritage-food-tour,colony,location:georgetown-heritage-food-tour,0.5,60,1,Foundation (Position 50+ / Unranked),"Set unique, keyword-rich title tags (<60 chars)","Set unique, keyword-rich title tags (<60 chars)
Write compelling meta descriptions (150–160 chars)
Add proper heading hierarchy (H1 → H2 → H3)
Ensure page is indexable (no noindex, no canonical issues)
Add Open Graph and Twitter card meta tags"
https://simplyenak.com/ru/tours/locations/gurney-drive-food-tour,colony,location:gurney-drive-food-tour,0.5,60,1,Foundation (Position 50+ / Unranked),"Set unique, keyword-rich title tags (<60 chars)","Set unique, keyword-rich title tags (<60 chars)
Write compelling meta descriptions (150–160 chars)
Add proper heading hierarchy (H1 → H2 → H3)
Ensure page is indexable (no noindex, no canonical issues)
Add Open Graph and Twitter card meta tags"
https://simplyenak.com/ru/tours/locations/kampung-baru-food-tour,colony,location:kampung-baru-food-tour,0.5,60,1,Foundation (Position 50+ / Unranked),"Set unique, keyword-rich title tags (<60 chars)","Set unique, keyword-rich title tags (<60 chars)
Write compelling meta descriptions (150–160 chars)
Add proper heading hierarchy (H1 → H2 → H3)
Ensure page is indexable (no noindex, no canonical issues)
Add Open Graph and Twitter card meta tags"
https://simplyenak.com/ru/tours/locations/little-india-food-tour-kuala-lumpur,colony,location:little-india-food-tour-kuala-lumpur,0.5,60,1,Foundation (Position 50+ / Unranked),"Set unique, keyword-rich title tags (<60 chars)","Set unique, keyword-rich title tags (<60 chars)
Write compelling meta descriptions (150–160 chars)
Add proper heading hierarchy (H1 → H2 → H3)
Ensure page is indexable (no noindex, no canonical issues)
Add Open Graph and Twitter card meta tags"
https://simplyenak.com/ru/tours/locations/little-india-food-tour-penang,colony,location:little-india-food-tour-penang,0.5,60,1,Foundation (Position 50+ / Unranked),"Set unique, keyword-rich title tags (<60 chars)","Set unique, keyword-rich title tags (<60 chars)
Write compelling meta descriptions (150–160 chars)
Add proper heading hierarchy (H1 → H2 → H3)
Ensure page is indexable (no noindex, no canonical issues)
Add Open Graph and Twitter card meta tags"
https://simplyenak.com/ru/tours/segments/food-tours-for-chefs,colony,segment:food-tours-for-chefs,0.5,60,1,Foundation (Position 50+ / Unranked),"Set unique, keyword-rich title tags (<60 chars)","Set unique, keyword-rich title tags (<60 chars)
Write compelling meta descriptions (150–160 chars)
Add proper heading hierarchy (H1 → H2 → H3)
Ensure page is indexable (no noindex, no canonical issues)
Add Open Graph and Twitter card meta tags"
https://simplyenak.com/ru/tours/segments/food-tours-for-couples-kuala-lumpur,colony,segment:food-tours-for-couples-kuala-lumpur,0.5,60,1,Foundation (Position 50+ / Unranked),"Set unique, keyword-rich title tags (<60 chars)","Set unique, keyword-rich title tags (<60 chars)
Write compelling meta descriptions (150–160 chars)
Add proper heading hierarchy (H1 → H2 → H3)
Ensure page is indexable (no noindex, no canonical issues)
Add Open Graph and Twitter card meta tags"
https://simplyenak.com/ru/tours/segments/food-tours-for-couples-penang,colony,segment:food-tours-for-couples-penang,0.5,60,1,Foundation (Position 50+ / Unranked),"Set unique, keyword-rich title tags (<60 chars)","Set unique, keyword-rich title tags (<60 chars)
Write compelling meta descriptions (150–160 chars)
Add proper heading hierarchy (H1 → H2 → H3)
Ensure page is indexable (no noindex, no canonical issues)
Add Open Graph and Twitter card meta tags"
https://simplyenak.com/ru/tours/segments/food-tours-for-families-kuala-lumpur,colony,segment:food-tours-for-families-kuala-lumpur,0.5,60,1,Foundation (Position 50+ / Unranked),"Set unique, keyword-rich title tags (<60 chars)","Set unique, keyword-rich title tags (<60 chars)
Write compelling meta descriptions (150–160 chars)
Add proper heading hierarchy (H1 → H2 → H3)
Ensure page is indexable (no noindex, no canonical issues)
Add Open Graph and Twitter card meta tags"
https://simplyenak.com/ru/tours/segments/food-tours-for-families-penang,colony,segment:food-tours-for-families-penang,0.5,60,1,Foundation (Position 50+ / Unranked),"Set unique, keyword-rich title tags (<60 chars)","Set unique, keyword-rich title tags (<60 chars)
Write compelling meta descriptions (150–160 chars)
Add proper heading hierarchy (H1 → H2 → H3)
Ensure page is indexable (no noindex, no canonical issues)
Add Open Graph and Twitter card meta tags"
https://simplyenak.com/ru/tours/segments/food-tours-for-foodies-kuala-lumpur,colony,segment:food-tours-for-foodies-kuala-lumpur,0.5,60,1,Foundation (Position 50+ / Unranked),"Set unique, keyword-rich title tags (<60 chars)","Set unique, keyword-rich title tags (<60 chars)
Write compelling meta descriptions (150–160 chars)
Add proper heading hierarchy (H1 → H2 → H3)
Ensure page is indexable (no noindex, no canonical issues)
Add Open Graph and Twitter card meta tags"
https://simplyenak.com/ru/tours/segments/food-tours-for-foodies-penang,colony,segment:food-tours-for-foodies-penang,0.5,60,1,Foundation (Position 50+ / Unranked),"Set unique, keyword-rich title tags (<60 chars)","Set unique, keyword-rich title tags (<60 chars)
Write compelling meta descriptions (150–160 chars)
Add proper heading hierarchy (H1 → H2 → H3)
Ensure page is indexable (no noindex, no canonical issues)
Add Open Graph and Twitter card meta tags"
https://simplyenak.com/ru/tours/segments/food-tours-for-wedding-groups,colony,segment:food-tours-for-wedding-groups,0.5,60,1,Foundation (Position 50+ / Unranked),"Set unique, keyword-rich title tags (<60 chars)","Set unique, keyword-rich title tags (<60 chars)
Write compelling meta descriptions (150–160 chars)
Add proper heading hierarchy (H1 → H2 → H3)
Ensure page is indexable (no noindex, no canonical issues)
Add Open Graph and Twitter card meta tags"
https://simplyenak.com/ru/tours/specialty/heritage-food-tours,colony,specialty:heritage-food-tours,0.5,60,1,Foundation (Position 50+ / Unranked),"Set unique, keyword-rich title tags (<60 chars)","Set unique, keyword-rich title tags (<60 chars)
Write compelling meta descriptions (150–160 chars)
Add proper heading hierarchy (H1 → H2 → H3)
Ensure page is indexable (no noindex, no canonical issues)
Add Open Graph and Twitter card meta tags"
https://simplyenak.com/ru/tours/specialty/heritage-food-tours-kuala-lumpur,colony,specialty:heritage-food-tours-kuala-lumpur,0.5,60,1,Foundation (Position 50+ / Unranked),"Set unique, keyword-rich title tags (<60 chars)","Set unique, keyword-rich title tags (<60 chars)
Write compelling meta descriptions (150–160 chars)
Add proper heading hierarchy (H1 → H2 → H3)
Ensure page is indexable (no noindex, no canonical issues)
Add Open Graph and Twitter card meta tags"
https://simplyenak.com/ru/tours/specialty/heritage-food-tours-penang,colony,specialty:heritage-food-tours-penang,0.5,60,1,Foundation (Position 50+ / Unranked),"Set unique, keyword-rich title tags (<60 chars)","Set unique, keyword-rich title tags (<60 chars)
Write compelling meta descriptions (150–160 chars)
Add proper heading hierarchy (H1 → H2 → H3)
Ensure page is indexable (no noindex, no canonical issues)
Add Open Graph and Twitter card meta tags"
https://simplyenak.com/ru/tours/specialty/market-tours,colony,specialty:market-tours,0.5,60,1,Foundation (Position 50+ / Unranked),"Set unique, keyword-rich title tags (<60 chars)","Set unique, keyword-rich title tags (<60 chars)
Write compelling meta descriptions (150–160 chars)
Add proper heading hierarchy (H1 → H2 → H3)
Ensure page is indexable (no noindex, no canonical issues)
Add Open Graph and Twitter card meta tags"
https://simplyenak.com/ru/tours/specialty/market-tours-kuala-lumpur,colony,specialty:market-tours-kuala-lumpur,0.5,60,1,Foundation (Position 50+ / Unranked),"Set unique, keyword-rich title tags (<60 chars)","Set unique, keyword-rich title tags (<60 chars)
Write compelling meta descriptions (150–160 chars)
Add proper heading hierarchy (H1 → H2 → H3)
Ensure page is indexable (no noindex, no canonical issues)
Add Open Graph and Twitter card meta tags"
https://simplyenak.com/ru/tours/specialty/market-tours-penang,colony,specialty:market-tours-penang,0.5,60,1,Foundation (Position 50+ / Unranked),"Set unique, keyword-rich title tags (<60 chars)","Set unique, keyword-rich title tags (<60 chars)
Write compelling meta descriptions (150–160 chars)
Add proper heading hierarchy (H1 → H2 → H3)
Ensure page is indexable (no noindex, no canonical issues)
Add Open Graph and Twitter card meta tags"
https://simplyenak.com/ru/tours/specialty/night-food-tours,colony,specialty:night-food-tours,0.5,60,1,Foundation (Position 50+ / Unranked),"Set unique, keyword-rich title tags (<60 chars)","Set unique, keyword-rich title tags (<60 chars)
Write compelling meta descriptions (150–160 chars)
Add proper heading hierarchy (H1 → H2 → H3)
Ensure page is indexable (no noindex, no canonical issues)
Add Open Graph and Twitter card meta tags"
https://simplyenak.com/ru/tours/specialty/night-food-tours-kuala-lumpur,colony,specialty:night-food-tours-kuala-lumpur,0.5,60,1,Foundation (Position 50+ / Unranked),"Set unique, keyword-rich title tags (<60 chars)","Set unique, keyword-rich title tags (<60 chars)
Write compelling meta descriptions (150–160 chars)
Add proper heading hierarchy (H1 → H2 → H3)
Ensure page is indexable (no noindex, no canonical issues)
Add Open Graph and Twitter card meta tags"
https://simplyenak.com/ru/tours/specialty/night-food-tours-penang,colony,specialty:night-food-tours-penang,0.5,60,1,Foundation (Position 50+ / Unranked),"Set unique, keyword-rich title tags (<60 chars)","Set unique, keyword-rich title tags (<60 chars)
Write compelling meta descriptions (150–160 chars)
Add proper heading hierarchy (H1 → H2 → H3)
Ensure page is indexable (no noindex, no canonical issues)
Add Open Graph and Twitter card meta tags"
https://simplyenak.com/ru/tours/specialty/street-food-tours,colony,specialty:street-food-tours,0.5,60,1,Foundation (Position 50+ / Unranked),"Set unique, keyword-rich title tags (<60 chars)","Set unique, keyword-rich title tags (<60 chars)
Write compelling meta descriptions (150–160 chars)
Add proper heading hierarchy (H1 → H2 → H3)
Ensure page is indexable (no noindex, no canonical issues)
Add Open Graph and Twitter card meta tags"
https://simplyenak.com/ru/tours/specialty/street-food-tours-kuala-lumpur,colony,specialty:street-food-tours-kuala-lumpur,0.5,60,1,Foundation (Position 50+ / Unranked),"Set unique, keyword-rich title tags (<60 chars)","Set unique, keyword-rich title tags (<60 chars)
Write compelling meta descriptions (150–160 chars)
Add proper heading hierarchy (H1 → H2 → H3)
Ensure page is indexable (no noindex, no canonical issues)
Add Open Graph and Twitter card meta tags"
https://simplyenak.com/ru/tours/specialty/street-food-tours-penang,colony,specialty:street-food-tours-penang,0.5,60,1,Foundation (Position 50+ / Unranked),"Set unique, keyword-rich title tags (<60 chars)","Set unique, keyword-rich title tags (<60 chars)
Write compelling meta descriptions (150–160 chars)
Add proper heading hierarchy (H1 → H2 → H3)
Ensure page is indexable (no noindex, no canonical issues)
Add Open Graph and Twitter card meta tags"
https://simplyenak.com/tours/dietary/gluten-free-food-tours,colony,dietary:gluten-free-food-tours,0.5,60,1,Foundation (Position 50+ / Unranked),"Set unique, keyword-rich title tags (<60 chars)","Set unique, keyword-rich title tags (<60 chars)
Write compelling meta descriptions (150–160 chars)
Add proper heading hierarchy (H1 → H2 → H3)
Ensure page is indexable (no noindex, no canonical issues)
Add Open Graph and Twitter card meta tags"
https://simplyenak.com/tours/dietary/gluten-free-food-tours-kuala-lumpur,colony,dietary:gluten-free-food-tours-kuala-lumpur,0.5,60,1,Foundation (Position 50+ / Unranked),"Set unique, keyword-rich title tags (<60 chars)","Set unique, keyword-rich title tags (<60 chars)
Write compelling meta descriptions (150–160 chars)
Add proper heading hierarchy (H1 → H2 → H3)
Ensure page is indexable (no noindex, no canonical issues)
Add Open Graph and Twitter card meta tags"
https://simplyenak.com/tours/dietary/gluten-free-food-tours-penang,colony,dietary:gluten-free-food-tours-penang,0.5,60,1,Foundation (Position 50+ / Unranked),"Set unique, keyword-rich title tags (<60 chars)","Set unique, keyword-rich title tags (<60 chars)
Write compelling meta descriptions (150–160 chars)
Add proper heading hierarchy (H1 → H2 → H3)
Ensure page is indexable (no noindex, no canonical issues)
Add Open Graph and Twitter card meta tags"
https://simplyenak.com/tours/dietary/halal-food-tours,colony,dietary:halal-food-tours,0.5,60,1,Foundation (Position 50+ / Unranked),"Set unique, keyword-rich title tags (<60 chars)","Set unique, keyword-rich title tags (<60 chars)
Write compelling meta descriptions (150–160 chars)
Add proper heading hierarchy (H1 → H2 → H3)
Ensure page is indexable (no noindex, no canonical issues)
Add Open Graph and Twitter card meta tags"
https://simplyenak.com/tours/dietary/halal-food-tours-kuala-lumpur,colony,dietary:halal-food-tours-kuala-lumpur,0.5,60,1,Foundation (Position 50+ / Unranked),"Set unique, keyword-rich title tags (<60 chars)","Set unique, keyword-rich title tags (<60 chars)
Write compelling meta descriptions (150–160 chars)
Add proper heading hierarchy (H1 → H2 → H3)
Ensure page is indexable (no noindex, no canonical issues)
Add Open Graph and Twitter card meta tags"
https://simplyenak.com/tours/dietary/halal-food-tours-penang,colony,dietary:halal-food-tours-penang,0.5,60,1,Foundation (Position 50+ / Unranked),"Set unique, keyword-rich title tags (<60 chars)","Set unique, keyword-rich title tags (<60 chars)
Write compelling meta descriptions (150–160 chars)
Add proper heading hierarchy (H1 → H2 → H3)
Ensure page is indexable (no noindex, no canonical issues)
Add Open Graph and Twitter card meta tags"
https://simplyenak.com/tours/dietary/jain-food-tours,colony,dietary:jain-food-tours,0.5,60,1,Foundation (Position 50+ / Unranked),"Set unique, keyword-rich title tags (<60 chars)","Set unique, keyword-rich title tags (<60 chars)
Write compelling meta descriptions (150–160 chars)
Add proper heading hierarchy (H1 → H2 → H3)
Ensure page is indexable (no noindex, no canonical issues)
Add Open Graph and Twitter card meta tags"
https://simplyenak.com/tours/dietary/jain-food-tours-kuala-lumpur,colony,dietary:jain-food-tours-kuala-lumpur,0.5,60,1,Foundation (Position 50+ / Unranked),"Set unique, keyword-rich title tags (<60 chars)","Set unique, keyword-rich title tags (<60 chars)
Write compelling meta descriptions (150–160 chars)
Add proper heading hierarchy (H1 → H2 → H3)
Ensure page is indexable (no noindex, no canonical issues)
Add Open Graph and Twitter card meta tags"
https://simplyenak.com/tours/dietary/jain-food-tours-penang,colony,dietary:jain-food-tours-penang,0.5,60,1,Foundation (Position 50+ / Unranked),"Set unique, keyword-rich title tags (<60 chars)","Set unique, keyword-rich title tags (<60 chars)
Write compelling meta descriptions (150–160 chars)
Add proper heading hierarchy (H1 → H2 → H3)
Ensure page is indexable (no noindex, no canonical issues)
Add Open Graph and Twitter card meta tags"
https://simplyenak.com/tours/dietary/vegan-food-tours,colony,dietary:vegan-food-tours,0.5,60,1,Foundation (Position 50+ / Unranked),"Set unique, keyword-rich title tags (<60 chars)","Set unique, keyword-rich title tags (<60 chars)
Write compelling meta descriptions (150–160 chars)
Add proper heading hierarchy (H1 → H2 → H3)
Ensure page is indexable (no noindex, no canonical issues)
Add Open Graph and Twitter card meta tags"
https://simplyenak.com/tours/dietary/vegan-food-tours-kuala-lumpur,colony,dietary:vegan-food-tours-kuala-lumpur,0.5,60,1,Foundation (Position 50+ / Unranked),"Set unique, keyword-rich title tags (<60 chars)","Set unique, keyword-rich title tags (<60 chars)
Write compelling meta descriptions (150–160 chars)
Add proper heading hierarchy (H1 → H2 → H3)
Ensure page is indexable (no noindex, no canonical issues)
Add Open Graph and Twitter card meta tags"
https://simplyenak.com/tours/dietary/vegan-food-tours-penang,colony,dietary:vegan-food-tours-penang,0.5,60,1,Foundation (Position 50+ / Unranked),"Set unique, keyword-rich title tags (<60 chars)","Set unique, keyword-rich title tags (<60 chars)
Write compelling meta descriptions (150–160 chars)
Add proper heading hierarchy (H1 → H2 → H3)
Ensure page is indexable (no noindex, no canonical issues)
Add Open Graph and Twitter card meta tags"
https://simplyenak.com/tours/dietary/vegetarian-food-tours,colony,dietary:vegetarian-food-tours,0.5,60,1,Foundation (Position 50+ / Unranked),"Set unique, keyword-rich title tags (<60 chars)","Set unique, keyword-rich title tags (<60 chars)
Write compelling meta descriptions (150–160 chars)
Add proper heading hierarchy (H1 → H2 → H3)
Ensure page is indexable (no noindex, no canonical issues)
Add Open Graph and Twitter card meta tags"
https://simplyenak.com/tours/dietary/vegetarian-food-tours-kuala-lumpur,colony,dietary:vegetarian-food-tours-kuala-lumpur,0.5,60,1,Foundation (Position 50+ / Unranked),"Set unique, keyword-rich title tags (<60 chars)","Set unique, keyword-rich title tags (<60 chars)
Write compelling meta descriptions (150–160 chars)
Add proper heading hierarchy (H1 → H2 → H3)
Ensure page is indexable (no noindex, no canonical issues)
Add Open Graph and Twitter card meta tags"
https://simplyenak.com/tours/dietary/vegetarian-food-tours-penang,colony,dietary:vegetarian-food-tours-penang,0.5,60,1,Foundation (Position 50+ / Unranked),"Set unique, keyword-rich title tags (<60 chars)","Set unique, keyword-rich title tags (<60 chars)
Write compelling meta descriptions (150–160 chars)
Add proper heading hierarchy (H1 → H2 → H3)
Ensure page is indexable (no noindex, no canonical issues)
Add Open Graph and Twitter card meta tags"
https://simplyenak.com/tours/locations/chinatown-food-tour-kuala-lumpur,colony,location:chinatown-food-tour-kuala-lumpur,0.5,60,1,Foundation (Position 50+ / Unranked),"Set unique, keyword-rich title tags (<60 chars)","Set unique, keyword-rich title tags (<60 chars)
Write compelling meta descriptions (150–160 chars)
Add proper heading hierarchy (H1 → H2 → H3)
Ensure page is indexable (no noindex, no canonical issues)
Add Open Graph and Twitter card meta tags"
https://simplyenak.com/tours/locations/chow-kit-market-food-tour,colony,location:chow-kit-market-food-tour,0.5,60,1,Foundation (Position 50+ / Unranked),"Set unique, keyword-rich title tags (<60 chars)","Set unique, keyword-rich title tags (<60 chars)
Write compelling meta descriptions (150–160 chars)
Add proper heading hierarchy (H1 → H2 → H3)
Ensure page is indexable (no noindex, no canonical issues)
Add Open Graph and Twitter card meta tags"
https://simplyenak.com/tours/locations/chowrasta-market-food-tour,colony,location:chowrasta-market-food-tour,0.5,60,1,Foundation (Position 50+ / Unranked),"Set unique, keyword-rich title tags (<60 chars)","Set unique, keyword-rich title tags (<60 chars)
Write compelling meta descriptions (150–160 chars)
Add proper heading hierarchy (H1 → H2 → H3)
Ensure page is indexable (no noindex, no canonical issues)
Add Open Graph and Twitter card meta tags"
https://simplyenak.com/tours/locations/food-tours-ipoh,colony,location:food-tours-ipoh,0.5,60,1,Foundation (Position 50+ / Unranked),"Set unique, keyword-rich title tags (<60 chars)","Set unique, keyword-rich title tags (<60 chars)
Write compelling meta descriptions (150–160 chars)
Add proper heading hierarchy (H1 → H2 → H3)
Ensure page is indexable (no noindex, no canonical issues)
Add Open Graph and Twitter card meta tags"
https://simplyenak.com/tours/locations/food-tours-klang,colony,location:food-tours-klang,0.5,60,1,Foundation (Position 50+ / Unranked),"Set unique, keyword-rich title tags (<60 chars)","Set unique, keyword-rich title tags (<60 chars)
Write compelling meta descriptions (150–160 chars)
Add proper heading hierarchy (H1 → H2 → H3)
Ensure page is indexable (no noindex, no canonical issues)
Add Open Graph and Twitter card meta tags"
https://simplyenak.com/tours/locations/food-tours-melaka,colony,location:food-tours-melaka,0.5,60,1,Foundation (Position 50+ / Unranked),"Set unique, keyword-rich title tags (<60 chars)","Set unique, keyword-rich title tags (<60 chars)
Write compelling meta descriptions (150–160 chars)
Add proper heading hierarchy (H1 → H2 → H3)
Ensure page is indexable (no noindex, no canonical issues)
Add Open Graph and Twitter card meta tags"
https://simplyenak.com/tours/locations/georgetown-heritage-food-tour,colony,location:georgetown-heritage-food-tour,0.5,60,1,Foundation (Position 50+ / Unranked),"Set unique, keyword-rich title tags (<60 chars)","Set unique, keyword-rich title tags (<60 chars)
Write compelling meta descriptions (150–160 chars)
Add proper heading hierarchy (H1 → H2 → H3)
Ensure page is indexable (no noindex, no canonical issues)
Add Open Graph and Twitter card meta tags"
https://simplyenak.com/tours/locations/gurney-drive-food-tour,colony,location:gurney-drive-food-tour,0.5,60,1,Foundation (Position 50+ / Unranked),"Set unique, keyword-rich title tags (<60 chars)","Set unique, keyword-rich title tags (<60 chars)
Write compelling meta descriptions (150–160 chars)
Add proper heading hierarchy (H1 → H2 → H3)
Ensure page is indexable (no noindex, no canonical issues)
Add Open Graph and Twitter card meta tags"
https://simplyenak.com/tours/locations/kampung-baru-food-tour,colony,location:kampung-baru-food-tour,0.5,60,1,Foundation (Position 50+ / Unranked),"Set unique, keyword-rich title tags (<60 chars)","Set unique, keyword-rich title tags (<60 chars)
Write compelling meta descriptions (150–160 chars)
Add proper heading hierarchy (H1 → H2 → H3)
Ensure page is indexable (no noindex, no canonical issues)
Add Open Graph and Twitter card meta tags"
https://simplyenak.com/tours/locations/little-india-food-tour-kuala-lumpur,colony,location:little-india-food-tour-kuala-lumpur,0.5,60,1,Foundation (Position 50+ / Unranked),"Set unique, keyword-rich title tags (<60 chars)","Set unique, keyword-rich title tags (<60 chars)
Write compelling meta descriptions (150–160 chars)
Add proper heading hierarchy (H1 → H2 → H3)
Ensure page is indexable (no noindex, no canonical issues)
Add Open Graph and Twitter card meta tags"
https://simplyenak.com/tours/locations/little-india-food-tour-penang,colony,location:little-india-food-tour-penang,0.5,60,1,Foundation (Position 50+ / Unranked),"Set unique, keyword-rich title tags (<60 chars)","Set unique, keyword-rich title tags (<60 chars)
Write compelling meta descriptions (150–160 chars)
Add proper heading hierarchy (H1 → H2 → H3)
Ensure page is indexable (no noindex, no canonical issues)
Add Open Graph and Twitter card meta tags"
https://simplyenak.com/tours/segments/food-tours-for-chefs,colony,segment:food-tours-for-chefs,0.5,60,1,Foundation (Position 50+ / Unranked),"Set unique, keyword-rich title tags (<60 chars)","Set unique, keyword-rich title tags (<60 chars)
Write compelling meta descriptions (150–160 chars)
Add proper heading hierarchy (H1 → H2 → H3)
Ensure page is indexable (no noindex, no canonical issues)
Add Open Graph and Twitter card meta tags"
https://simplyenak.com/tours/segments/food-tours-for-couples-kuala-lumpur,colony,segment:food-tours-for-couples-kuala-lumpur,0.5,60,1,Foundation (Position 50+ / Unranked),"Set unique, keyword-rich title tags (<60 chars)","Set unique, keyword-rich title tags (<60 chars)
Write compelling meta descriptions (150–160 chars)
Add proper heading hierarchy (H1 → H2 → H3)
Ensure page is indexable (no noindex, no canonical issues)
Add Open Graph and Twitter card meta tags"
https://simplyenak.com/tours/segments/food-tours-for-couples-penang,colony,segment:food-tours-for-couples-penang,0.5,60,1,Foundation (Position 50+ / Unranked),"Set unique, keyword-rich title tags (<60 chars)","Set unique, keyword-rich title tags (<60 chars)
Write compelling meta descriptions (150–160 chars)
Add proper heading hierarchy (H1 → H2 → H3)
Ensure page is indexable (no noindex, no canonical issues)
Add Open Graph and Twitter card meta tags"
https://simplyenak.com/tours/segments/food-tours-for-families-kuala-lumpur,colony,segment:food-tours-for-families-kuala-lumpur,0.5,60,1,Foundation (Position 50+ / Unranked),"Set unique, keyword-rich title tags (<60 chars)","Set unique, keyword-rich title tags (<60 chars)
Write compelling meta descriptions (150–160 chars)
Add proper heading hierarchy (H1 → H2 → H3)
Ensure page is indexable (no noindex, no canonical issues)
Add Open Graph and Twitter card meta tags"
https://simplyenak.com/tours/segments/food-tours-for-families-penang,colony,segment:food-tours-for-families-penang,0.5,60,1,Foundation (Position 50+ / Unranked),"Set unique, keyword-rich title tags (<60 chars)","Set unique, keyword-rich title tags (<60 chars)
Write compelling meta descriptions (150–160 chars)
Add proper heading hierarchy (H1 → H2 → H3)
Ensure page is indexable (no noindex, no canonical issues)
Add Open Graph and Twitter card meta tags"
https://simplyenak.com/tours/segments/food-tours-for-foodies-kuala-lumpur,colony,segment:food-tours-for-foodies-kuala-lumpur,0.5,60,1,Foundation (Position 50+ / Unranked),"Set unique, keyword-rich title tags (<60 chars)","Set unique, keyword-rich title tags (<60 chars)
Write compelling meta descriptions (150–160 chars)
Add proper heading hierarchy (H1 → H2 → H3)
Ensure page is indexable (no noindex, no canonical issues)
Add Open Graph and Twitter card meta tags"
https://simplyenak.com/tours/segments/food-tours-for-foodies-penang,colony,segment:food-tours-for-foodies-penang,0.5,60,1,Foundation (Position 50+ / Unranked),"Set unique, keyword-rich title tags (<60 chars)","Set unique, keyword-rich title tags (<60 chars)
Write compelling meta descriptions (150–160 chars)
Add proper heading hierarchy (H1 → H2 → H3)
Ensure page is indexable (no noindex, no canonical issues)
Add Open Graph and Twitter card meta tags"
https://simplyenak.com/tours/segments/food-tours-for-wedding-groups,colony,segment:food-tours-for-wedding-groups,0.5,60,1,Foundation (Position 50+ / Unranked),"Set unique, keyword-rich title tags (<60 chars)","Set unique, keyword-rich title tags (<60 chars)
Write compelling meta descriptions (150–160 chars)
Add proper heading hierarchy (H1 → H2 → H3)
Ensure page is indexable (no noindex, no canonical issues)
Add Open Graph and Twitter card meta tags"
https://simplyenak.com/tours/specialty/heritage-food-tours,colony,specialty:heritage-food-tours,0.5,60,1,Foundation (Position 50+ / Unranked),"Set unique, keyword-rich title tags (<60 chars)","Set unique, keyword-rich title tags (<60 chars)
Write compelling meta descriptions (150–160 chars)
Add proper heading hierarchy (H1 → H2 → H3)
Ensure page is indexable (no noindex, no canonical issues)
Add Open Graph and Twitter card meta tags"
https://simplyenak.com/tours/specialty/heritage-food-tours-kuala-lumpur,colony,specialty:heritage-food-tours-kuala-lumpur,0.5,60,1,Foundation (Position 50+ / Unranked),"Set unique, keyword-rich title tags (<60 chars)","Set unique, keyword-rich title tags (<60 chars)
Write compelling meta descriptions (150–160 chars)
Add proper heading hierarchy (H1 → H2 → H3)
Ensure page is indexable (no noindex, no canonical issues)
Add Open Graph and Twitter card meta tags"
https://simplyenak.com/tours/specialty/heritage-food-tours-penang,colony,specialty:heritage-food-tours-penang,0.5,60,1,Foundation (Position 50+ / Unranked),"Set unique, keyword-rich title tags (<60 chars)","Set unique, keyword-rich title tags (<60 chars)
Write compelling meta descriptions (150–160 chars)
Add proper heading hierarchy (H1 → H2 → H3)
Ensure page is indexable (no noindex, no canonical issues)
Add Open Graph and Twitter card meta tags"
https://simplyenak.com/tours/specialty/market-tours,colony,specialty:market-tours,0.5,60,1,Foundation (Position 50+ / Unranked),"Set unique, keyword-rich title tags (<60 chars)","Set unique, keyword-rich title tags (<60 chars)
Write compelling meta descriptions (150–160 chars)
Add proper heading hierarchy (H1 → H2 → H3)
Ensure page is indexable (no noindex, no canonical issues)
Add Open Graph and Twitter card meta tags"
https://simplyenak.com/tours/specialty/market-tours-kuala-lumpur,colony,specialty:market-tours-kuala-lumpur,0.5,60,1,Foundation (Position 50+ / Unranked),"Set unique, keyword-rich title tags (<60 chars)","Set unique, keyword-rich title tags (<60 chars)
Write compelling meta descriptions (150–160 chars)
Add proper heading hierarchy (H1 → H2 → H3)
Ensure page is indexable (no noindex, no canonical issues)
Add Open Graph and Twitter card meta tags"
https://simplyenak.com/tours/specialty/market-tours-penang,colony,specialty:market-tours-penang,0.5,60,1,Foundation (Position 50+ / Unranked),"Set unique, keyword-rich title tags (<60 chars)","Set unique, keyword-rich title tags (<60 chars)
Write compelling meta descriptions (150–160 chars)
Add proper heading hierarchy (H1 → H2 → H3)
Ensure page is indexable (no noindex, no canonical issues)
Add Open Graph and Twitter card meta tags"
https://simplyenak.com/tours/specialty/night-food-tours,colony,specialty:night-food-tours,0.5,60,1,Foundation (Position 50+ / Unranked),"Set unique, keyword-rich title tags (<60 chars)","Set unique, keyword-rich title tags (<60 chars)
Write compelling meta descriptions (150–160 chars)
Add proper heading hierarchy (H1 → H2 → H3)
Ensure page is indexable (no noindex, no canonical issues)
Add Open Graph and Twitter card meta tags"
https://simplyenak.com/tours/specialty/night-food-tours-kuala-lumpur,colony,specialty:night-food-tours-kuala-lumpur,0.5,60,1,Foundation (Position 50+ / Unranked),"Set unique, keyword-rich title tags (<60 chars)","Set unique, keyword-rich title tags (<60 chars)
Write compelling meta descriptions (150–160 chars)
Add proper heading hierarchy (H1 → H2 → H3)
Ensure page is indexable (no noindex, no canonical issues)
Add Open Graph and Twitter card meta tags"
https://simplyenak.com/tours/specialty/night-food-tours-penang,colony,specialty:night-food-tours-penang,0.5,60,1,Foundation (Position 50+ / Unranked),"Set unique, keyword-rich title tags (<60 chars)","Set unique, keyword-rich title tags (<60 chars)
Write compelling meta descriptions (150–160 chars)
Add proper heading hierarchy (H1 → H2 → H3)
Ensure page is indexable (no noindex, no canonical issues)
Add Open Graph and Twitter card meta tags"
https://simplyenak.com/tours/specialty/street-food-tours,colony,specialty:street-food-tours,0.5,60,1,Foundation (Position 50+ / Unranked),"Set unique, keyword-rich title tags (<60 chars)","Set unique, keyword-rich title tags (<60 chars)
Write compelling meta descriptions (150–160 chars)
Add proper heading hierarchy (H1 → H2 → H3)
Ensure page is indexable (no noindex, no canonical issues)
Add Open Graph and Twitter card meta tags"
https://simplyenak.com/tours/specialty/street-food-tours-kuala-lumpur,colony,specialty:street-food-tours-kuala-lumpur,0.5,60,1,Foundation (Position 50+ / Unranked),"Set unique, keyword-rich title tags (<60 chars)","Set unique, keyword-rich title tags (<60 chars)
Write compelling meta descriptions (150–160 chars)
Add proper heading hierarchy (H1 → H2 → H3)
Ensure page is indexable (no noindex, no canonical issues)
Add Open Graph and Twitter card meta tags"
https://simplyenak.com/tours/specialty/street-food-tours-penang,colony,specialty:street-food-tours-penang,0.5,60,1,Foundation (Position 50+ / Unranked),"Set unique, keyword-rich title tags (<60 chars)","Set unique, keyword-rich title tags (<60 chars)
Write compelling meta descriptions (150–160 chars)
Add proper heading hierarchy (H1 → H2 → H3)
Ensure page is indexable (no noindex, no canonical issues)
Add Open Graph and Twitter card meta tags"
https://simplyenak.com/zh/tours/dietary/gluten-free-food-tours,colony,dietary:gluten-free-food-tours,0.5,60,1,Foundation (Position 50+ / Unranked),"Set unique, keyword-rich title tags (<60 chars)","Set unique, keyword-rich title tags (<60 chars)
Write compelling meta descriptions (150–160 chars)
Add proper heading hierarchy (H1 → H2 → H3)
Ensure page is indexable (no noindex, no canonical issues)
Add Open Graph and Twitter card meta tags"
https://simplyenak.com/zh/tours/dietary/gluten-free-food-tours-kuala-lumpur,colony,dietary:gluten-free-food-tours-kuala-lumpur,0.5,60,1,Foundation (Position 50+ / Unranked),"Set unique, keyword-rich title tags (<60 chars)","Set unique, keyword-rich title tags (<60 chars)
Write compelling meta descriptions (150–160 chars)
Add proper heading hierarchy (H1 → H2 → H3)
Ensure page is indexable (no noindex, no canonical issues)
Add Open Graph and Twitter card meta tags"
https://simplyenak.com/zh/tours/dietary/gluten-free-food-tours-penang,colony,dietary:gluten-free-food-tours-penang,0.5,60,1,Foundation (Position 50+ / Unranked),"Set unique, keyword-rich title tags (<60 chars)","Set unique, keyword-rich title tags (<60 chars)
Write compelling meta descriptions (150–160 chars)
Add proper heading hierarchy (H1 → H2 → H3)
Ensure page is indexable (no noindex, no canonical issues)
Add Open Graph and Twitter card meta tags"
https://simplyenak.com/zh/tours/dietary/halal-food-tours,colony,dietary:halal-food-tours,0.5,60,1,Foundation (Position 50+ / Unranked),"Set unique, keyword-rich title tags (<60 chars)","Set unique, keyword-rich title tags (<60 chars)
Write compelling meta descriptions (150–160 chars)
Add proper heading hierarchy (H1 → H2 → H3)
Ensure page is indexable (no noindex, no canonical issues)
Add Open Graph and Twitter card meta tags"
https://simplyenak.com/zh/tours/dietary/halal-food-tours-kuala-lumpur,colony,dietary:halal-food-tours-kuala-lumpur,0.5,60,1,Foundation (Position 50+ / Unranked),"Set unique, keyword-rich title tags (<60 chars)","Set unique, keyword-rich title tags (<60 chars)
Write compelling meta descriptions (150–160 chars)
Add proper heading hierarchy (H1 → H2 → H3)
Ensure page is indexable (no noindex, no canonical issues)
Add Open Graph and Twitter card meta tags"
https://simplyenak.com/zh/tours/dietary/halal-food-tours-penang,colony,dietary:halal-food-tours-penang,0.5,60,1,Foundation (Position 50+ / Unranked),"Set unique, keyword-rich title tags (<60 chars)","Set unique, keyword-rich title tags (<60 chars)
Write compelling meta descriptions (150–160 chars)
Add proper heading hierarchy (H1 → H2 → H3)
Ensure page is indexable (no noindex, no canonical issues)
Add Open Graph and Twitter card meta tags"
https://simplyenak.com/zh/tours/dietary/jain-food-tours,colony,dietary:jain-food-tours,0.5,60,1,Foundation (Position 50+ / Unranked),"Set unique, keyword-rich title tags (<60 chars)","Set unique, keyword-rich title tags (<60 chars)
Write compelling meta descriptions (150–160 chars)
Add proper heading hierarchy (H1 → H2 → H3)
Ensure page is indexable (no noindex, no canonical issues)
Add Open Graph and Twitter card meta tags"
https://simplyenak.com/zh/tours/dietary/jain-food-tours-kuala-lumpur,colony,dietary:jain-food-tours-kuala-lumpur,0.5,60,1,Foundation (Position 50+ / Unranked),"Set unique, keyword-rich title tags (<60 chars)","Set unique, keyword-rich title tags (<60 chars)
Write compelling meta descriptions (150–160 chars)
Add proper heading hierarchy (H1 → H2 → H3)
Ensure page is indexable (no noindex, no canonical issues)
Add Open Graph and Twitter card meta tags"
https://simplyenak.com/zh/tours/dietary/jain-food-tours-penang,colony,dietary:jain-food-tours-penang,0.5,60,1,Foundation (Position 50+ / Unranked),"Set unique, keyword-rich title tags (<60 chars)","Set unique, keyword-rich title tags (<60 chars)
Write compelling meta descriptions (150–160 chars)
Add proper heading hierarchy (H1 → H2 → H3)
Ensure page is indexable (no noindex, no canonical issues)
Add Open Graph and Twitter card meta tags"
https://simplyenak.com/zh/tours/dietary/vegan-food-tours,colony,dietary:vegan-food-tours,0.5,60,1,Foundation (Position 50+ / Unranked),"Set unique, keyword-rich title tags (<60 chars)","Set unique, keyword-rich title tags (<60 chars)
Write compelling meta descriptions (150–160 chars)
Add proper heading hierarchy (H1 → H2 → H3)
Ensure page is indexable (no noindex, no canonical issues)
Add Open Graph and Twitter card meta tags"
https://simplyenak.com/zh/tours/dietary/vegan-food-tours-kuala-lumpur,colony,dietary:vegan-food-tours-kuala-lumpur,0.5,60,1,Foundation (Position 50+ / Unranked),"Set unique, keyword-rich title tags (<60 chars)","Set unique, keyword-rich title tags (<60 chars)
Write compelling meta descriptions (150–160 chars)
Add proper heading hierarchy (H1 → H2 → H3)
Ensure page is indexable (no noindex, no canonical issues)
Add Open Graph and Twitter card meta tags"
https://simplyenak.com/zh/tours/dietary/vegan-food-tours-penang,colony,dietary:vegan-food-tours-penang,0.5,60,1,Foundation (Position 50+ / Unranked),"Set unique, keyword-rich title tags (<60 chars)","Set unique, keyword-rich title tags (<60 chars)
Write compelling meta descriptions (150–160 chars)
Add proper heading hierarchy (H1 → H2 → H3)
Ensure page is indexable (no noindex, no canonical issues)
Add Open Graph and Twitter card meta tags"
https://simplyenak.com/zh/tours/dietary/vegetarian-food-tours,colony,dietary:vegetarian-food-tours,0.5,60,1,Foundation (Position 50+ / Unranked),"Set unique, keyword-rich title tags (<60 chars)","Set unique, keyword-rich title tags (<60 chars)
Write compelling meta descriptions (150–160 chars)
Add proper heading hierarchy (H1 → H2 → H3)
Ensure page is indexable (no noindex, no canonical issues)
Add Open Graph and Twitter card meta tags"
https://simplyenak.com/zh/tours/dietary/vegetarian-food-tours-kuala-lumpur,colony,dietary:vegetarian-food-tours-kuala-lumpur,0.5,60,1,Foundation (Position 50+ / Unranked),"Set unique, keyword-rich title tags (<60 chars)","Set unique, keyword-rich title tags (<60 chars)
Write compelling meta descriptions (150–160 chars)
Add proper heading hierarchy (H1 → H2 → H3)
Ensure page is indexable (no noindex, no canonical issues)
Add Open Graph and Twitter card meta tags"
https://simplyenak.com/zh/tours/dietary/vegetarian-food-tours-penang,colony,dietary:vegetarian-food-tours-penang,0.5,60,1,Foundation (Position 50+ / Unranked),"Set unique, keyword-rich title tags (<60 chars)","Set unique, keyword-rich title tags (<60 chars)
Write compelling meta descriptions (150–160 chars)
Add proper heading hierarchy (H1 → H2 → H3)
Ensure page is indexable (no noindex, no canonical issues)
Add Open Graph and Twitter card meta tags"
https://simplyenak.com/zh/tours/locations/chinatown-food-tour-kuala-lumpur,colony,location:chinatown-food-tour-kuala-lumpur,0.5,60,1,Foundation (Position 50+ / Unranked),"Set unique, keyword-rich title tags (<60 chars)","Set unique, keyword-rich title tags (<60 chars)
Write compelling meta descriptions (150–160 chars)
Add proper heading hierarchy (H1 → H2 → H3)
Ensure page is indexable (no noindex, no canonical issues)
Add Open Graph and Twitter card meta tags"
https://simplyenak.com/zh/tours/locations/chow-kit-market-food-tour,colony,location:chow-kit-market-food-tour,0.5,60,1,Foundation (Position 50+ / Unranked),"Set unique, keyword-rich title tags (<60 chars)","Set unique, keyword-rich title tags (<60 chars)
Write compelling meta descriptions (150–160 chars)
Add proper heading hierarchy (H1 → H2 → H3)
Ensure page is indexable (no noindex, no canonical issues)
Add Open Graph and Twitter card meta tags"
https://simplyenak.com/zh/tours/locations/chowrasta-market-food-tour,colony,location:chowrasta-market-food-tour,0.5,60,1,Foundation (Position 50+ / Unranked),"Set unique, keyword-rich title tags (<60 chars)","Set unique, keyword-rich title tags (<60 chars)
Write compelling meta descriptions (150–160 chars)
Add proper heading hierarchy (H1 → H2 → H3)
Ensure page is indexable (no noindex, no canonical issues)
Add Open Graph and Twitter card meta tags"
https://simplyenak.com/zh/tours/locations/food-tours-ipoh,colony,location:food-tours-ipoh,0.5,60,1,Foundation (Position 50+ / Unranked),"Set unique, keyword-rich title tags (<60 chars)","Set unique, keyword-rich title tags (<60 chars)
Write compelling meta descriptions (150–160 chars)
Add proper heading hierarchy (H1 → H2 → H3)
Ensure page is indexable (no noindex, no canonical issues)
Add Open Graph and Twitter card meta tags"
https://simplyenak.com/zh/tours/locations/food-tours-klang,colony,location:food-tours-klang,0.5,60,1,Foundation (Position 50+ / Unranked),"Set unique, keyword-rich title tags (<60 chars)","Set unique, keyword-rich title tags (<60 chars)
Write compelling meta descriptions (150–160 chars)
Add proper heading hierarchy (H1 → H2 → H3)
Ensure page is indexable (no noindex, no canonical issues)
Add Open Graph and Twitter card meta tags"
https://simplyenak.com/zh/tours/locations/food-tours-kuala-lumpur,colony,location:food-tours-kuala-lumpur,0.5,60,1,Foundation (Position 50+ / Unranked),"Set unique, keyword-rich title tags (<60 chars)","Set unique, keyword-rich title tags (<60 chars)
Write compelling meta descriptions (150–160 chars)
Add proper heading hierarchy (H1 → H2 → H3)
Ensure page is indexable (no noindex, no canonical issues)
Add Open Graph and Twitter card meta tags"
https://simplyenak.com/zh/tours/locations/food-tours-melaka,colony,location:food-tours-melaka,0.5,60,1,Foundation (Position 50+ / Unranked),"Set unique, keyword-rich title tags (<60 chars)","Set unique, keyword-rich title tags (<60 chars)
Write compelling meta descriptions (150–160 chars)
Add proper heading hierarchy (H1 → H2 → H3)
Ensure page is indexable (no noindex, no canonical issues)
Add Open Graph and Twitter card meta tags"
https://simplyenak.com/zh/tours/locations/food-tours-penang,colony,location:food-tours-penang,0.5,60,1,Foundation (Position 50+ / Unranked),"Set unique, keyword-rich title tags (<60 chars)","Set unique, keyword-rich title tags (<60 chars)
Write compelling meta descriptions (150–160 chars)
Add proper heading hierarchy (H1 → H2 → H3)
Ensure page is indexable (no noindex, no canonical issues)
Add Open Graph and Twitter card meta tags"
https://simplyenak.com/zh/tours/locations/georgetown-heritage-food-tour,colony,location:georgetown-heritage-food-tour,0.5,60,1,Foundation (Position 50+ / Unranked),"Set unique, keyword-rich title tags (<60 chars)","Set unique, keyword-rich title tags (<60 chars)
Write compelling meta descriptions (150–160 chars)
Add proper heading hierarchy (H1 → H2 → H3)
Ensure page is indexable (no noindex, no canonical issues)
Add Open Graph and Twitter card meta tags"
https://simplyenak.com/zh/tours/locations/gurney-drive-food-tour,colony,location:gurney-drive-food-tour,0.5,60,1,Foundation (Position 50+ / Unranked),"Set unique, keyword-rich title tags (<60 chars)","Set unique, keyword-rich title tags (<60 chars)
Write compelling meta descriptions (150–160 chars)
Add proper heading hierarchy (H1 → H2 → H3)
Ensure page is indexable (no noindex, no canonical issues)
Add Open Graph and Twitter card meta tags"
https://simplyenak.com/zh/tours/locations/kampung-baru-food-tour,colony,location:kampung-baru-food-tour,0.5,60,1,Foundation (Position 50+ / Unranked),"Set unique, keyword-rich title tags (<60 chars)","Set unique, keyword-rich title tags (<60 chars)
Write compelling meta descriptions (150–160 chars)
Add proper heading hierarchy (H1 → H2 → H3)
Ensure page is indexable (no noindex, no canonical issues)
Add Open Graph and Twitter card meta tags"
https://simplyenak.com/zh/tours/locations/little-india-food-tour-kuala-lumpur,colony,location:little-india-food-tour-kuala-lumpur,0.5,60,1,Foundation (Position 50+ / Unranked),"Set unique, keyword-rich title tags (<60 chars)","Set unique, keyword-rich title tags (<60 chars)
Write compelling meta descriptions (150–160 chars)
Add proper heading hierarchy (H1 → H2 → H3)
Ensure page is indexable (no noindex, no canonical issues)
Add Open Graph and Twitter card meta tags"
https://simplyenak.com/zh/tours/locations/little-india-food-tour-penang,colony,location:little-india-food-tour-penang,0.5,60,1,Foundation (Position 50+ / Unranked),"Set unique, keyword-rich title tags (<60 chars)","Set unique, keyword-rich title tags (<60 chars)
Write compelling meta descriptions (150–160 chars)
Add proper heading hierarchy (H1 → H2 → H3)
Ensure page is indexable (no noindex, no canonical issues)
Add Open Graph and Twitter card meta tags"
https://simplyenak.com/zh/tours/segments/food-tours-for-chefs,colony,segment:food-tours-for-chefs,0.5,60,1,Foundation (Position 50+ / Unranked),"Set unique, keyword-rich title tags (<60 chars)","Set unique, keyword-rich title tags (<60 chars)
Write compelling meta descriptions (150–160 chars)
Add proper heading hierarchy (H1 → H2 → H3)
Ensure page is indexable (no noindex, no canonical issues)
Add Open Graph and Twitter card meta tags"
https://simplyenak.com/zh/tours/segments/food-tours-for-couples-kuala-lumpur,colony,segment:food-tours-for-couples-kuala-lumpur,0.5,60,1,Foundation (Position 50+ / Unranked),"Set unique, keyword-rich title tags (<60 chars)","Set unique, keyword-rich title tags (<60 chars)
Write compelling meta descriptions (150–160 chars)
Add proper heading hierarchy (H1 → H2 → H3)
Ensure page is indexable (no noindex, no canonical issues)
Add Open Graph and Twitter card meta tags"
https://simplyenak.com/zh/tours/segments/food-tours-for-couples-penang,colony,segment:food-tours-for-couples-penang,0.5,60,1,Foundation (Position 50+ / Unranked),"Set unique, keyword-rich title tags (<60 chars)","Set unique, keyword-rich title tags (<60 chars)
Write compelling meta descriptions (150–160 chars)
Add proper heading hierarchy (H1 → H2 → H3)
Ensure page is indexable (no noindex, no canonical issues)
Add Open Graph and Twitter card meta tags"
https://simplyenak.com/zh/tours/segments/food-tours-for-families-kuala-lumpur,colony,segment:food-tours-for-families-kuala-lumpur,0.5,60,1,Foundation (Position 50+ / Unranked),"Set unique, keyword-rich title tags (<60 chars)","Set unique, keyword-rich title tags (<60 chars)
Write compelling meta descriptions (150–160 chars)
Add proper heading hierarchy (H1 → H2 → H3)
Ensure page is indexable (no noindex, no canonical issues)
Add Open Graph and Twitter card meta tags"
https://simplyenak.com/zh/tours/segments/food-tours-for-families-penang,colony,segment:food-tours-for-families-penang,0.5,60,1,Foundation (Position 50+ / Unranked),"Set unique, keyword-rich title tags (<60 chars)","Set unique, keyword-rich title tags (<60 chars)
Write compelling meta descriptions (150–160 chars)
Add proper heading hierarchy (H1 → H2 → H3)
Ensure page is indexable (no noindex, no canonical issues)
Add Open Graph and Twitter card meta tags"
https://simplyenak.com/zh/tours/segments/food-tours-for-foodies-kuala-lumpur,colony,segment:food-tours-for-foodies-kuala-lumpur,0.5,60,1,Foundation (Position 50+ / Unranked),"Set unique, keyword-rich title tags (<60 chars)","Set unique, keyword-rich title tags (<60 chars)
Write compelling meta descriptions (150–160 chars)
Add proper heading hierarchy (H1 → H2 → H3)
Ensure page is indexable (no noindex, no canonical issues)
Add Open Graph and Twitter card meta tags"
https://simplyenak.com/zh/tours/segments/food-tours-for-foodies-penang,colony,segment:food-tours-for-foodies-penang,0.5,60,1,Foundation (Position 50+ / Unranked),"Set unique, keyword-rich title tags (<60 chars)","Set unique, keyword-rich title tags (<60 chars)
Write compelling meta descriptions (150–160 chars)
Add proper heading hierarchy (H1 → H2 → H3)
Ensure page is indexable (no noindex, no canonical issues)
Add Open Graph and Twitter card meta tags"
https://simplyenak.com/zh/tours/segments/food-tours-for-wedding-groups,colony,segment:food-tours-for-wedding-groups,0.5,60,1,Foundation (Position 50+ / Unranked),"Set unique, keyword-rich title tags (<60 chars)","Set unique, keyword-rich title tags (<60 chars)
Write compelling meta descriptions (150–160 chars)
Add proper heading hierarchy (H1 → H2 → H3)
Ensure page is indexable (no noindex, no canonical issues)
Add Open Graph and Twitter card meta tags"
https://simplyenak.com/zh/tours/specialty/heritage-food-tours,colony,specialty:heritage-food-tours,0.5,60,1,Foundation (Position 50+ / Unranked),"Set unique, keyword-rich title tags (<60 chars)","Set unique, keyword-rich title tags (<60 chars)
Write compelling meta descriptions (150–160 chars)
Add proper heading hierarchy (H1 → H2 → H3)
Ensure page is indexable (no noindex, no canonical issues)
Add Open Graph and Twitter card meta tags"
https://simplyenak.com/zh/tours/specialty/heritage-food-tours-kuala-lumpur,colony,specialty:heritage-food-tours-kuala-lumpur,0.5,60,1,Foundation (Position 50+ / Unranked),"Set unique, keyword-rich title tags (<60 chars)","Set unique, keyword-rich title tags (<60 chars)
Write compelling meta descriptions (150–160 chars)
Add proper heading hierarchy (H1 → H2 → H3)
Ensure page is indexable (no noindex, no canonical issues)
Add Open Graph and Twitter card meta tags"
https://simplyenak.com/zh/tours/specialty/heritage-food-tours-penang,colony,specialty:heritage-food-tours-penang,0.5,60,1,Foundation (Position 50+ / Unranked),"Set unique, keyword-rich title tags (<60 chars)","Set unique, keyword-rich title tags (<60 chars)
Write compelling meta descriptions (150–160 chars)
Add proper heading hierarchy (H1 → H2 → H3)
Ensure page is indexable (no noindex, no canonical issues)
Add Open Graph and Twitter card meta tags"
https://simplyenak.com/zh/tours/specialty/market-tours,colony,specialty:market-tours,0.5,60,1,Foundation (Position 50+ / Unranked),"Set unique, keyword-rich title tags (<60 chars)","Set unique, keyword-rich title tags (<60 chars)
Write compelling meta descriptions (150–160 chars)
Add proper heading hierarchy (H1 → H2 → H3)
Ensure page is indexable (no noindex, no canonical issues)
Add Open Graph and Twitter card meta tags"
https://simplyenak.com/zh/tours/specialty/market-tours-kuala-lumpur,colony,specialty:market-tours-kuala-lumpur,0.5,60,1,Foundation (Position 50+ / Unranked),"Set unique, keyword-rich title tags (<60 chars)","Set unique, keyword-rich title tags (<60 chars)
Write compelling meta descriptions (150–160 chars)
Add proper heading hierarchy (H1 → H2 → H3)
Ensure page is indexable (no noindex, no canonical issues)
Add Open Graph and Twitter card meta tags"
https://simplyenak.com/zh/tours/specialty/market-tours-penang,colony,specialty:market-tours-penang,0.5,60,1,Foundation (Position 50+ / Unranked),"Set unique, keyword-rich title tags (<60 chars)","Set unique, keyword-rich title tags (<60 chars)
Write compelling meta descriptions (150–160 chars)
Add proper heading hierarchy (H1 → H2 → H3)
Ensure page is indexable (no noindex, no canonical issues)
Add Open Graph and Twitter card meta tags"
https://simplyenak.com/zh/tours/specialty/night-food-tours,colony,specialty:night-food-tours,0.5,60,1,Foundation (Position 50+ / Unranked),"Set unique, keyword-rich title tags (<60 chars)","Set unique, keyword-rich title tags (<60 chars)
Write compelling meta descriptions (150–160 chars)
Add proper heading hierarchy (H1 → H2 → H3)
Ensure page is indexable (no noindex, no canonical issues)
Add Open Graph and Twitter card meta tags"
https://simplyenak.com/zh/tours/specialty/night-food-tours-kuala-lumpur,colony,specialty:night-food-tours-kuala-lumpur,0.5,60,1,Foundation (Position 50+ / Unranked),"Set unique, keyword-rich title tags (<60 chars)","Set unique, keyword-rich title tags (<60 chars)
Write compelling meta descriptions (150–160 chars)
Add proper heading hierarchy (H1 → H2 → H3)
Ensure page is indexable (no noindex, no canonical issues)
Add Open Graph and Twitter card meta tags"
https://simplyenak.com/zh/tours/specialty/night-food-tours-penang,colony,specialty:night-food-tours-penang,0.5,60,1,Foundation (Position 50+ / Unranked),"Set unique, keyword-rich title tags (<60 chars)","Set unique, keyword-rich title tags (<60 chars)
Write compelling meta descriptions (150–160 chars)
Add proper heading hierarchy (H1 → H2 → H3)
Ensure page is indexable (no noindex, no canonical issues)
Add Open Graph and Twitter card meta tags"
https://simplyenak.com/zh/tours/specialty/street-food-tours,colony,specialty:street-food-tours,0.5,60,1,Foundation (Position 50+ / Unranked),"Set unique, keyword-rich title tags (<60 chars)","Set unique, keyword-rich title tags (<60 chars)
Write compelling meta descriptions (150–160 chars)
Add proper heading hierarchy (H1 → H2 → H3)
Ensure page is indexable (no noindex, no canonical issues)
Add Open Graph and Twitter card meta tags"
https://simplyenak.com/zh/tours/specialty/street-food-tours-kuala-lumpur,colony,specialty:street-food-tours-kuala-lumpur,0.5,60,1,Foundation (Position 50+ / Unranked),"Set unique, keyword-rich title tags (<60 chars)","Set unique, keyword-rich title tags (<60 chars)
Write compelling meta descriptions (150–160 chars)
Add proper heading hierarchy (H1 → H2 → H3)
Ensure page is indexable (no noindex, no canonical issues)
Add Open Graph and Twitter card meta tags"
https://simplyenak.com/zh/tours/specialty/street-food-tours-penang,colony,specialty:street-food-tours-penang,0.5,60,1,Foundation (Position 50+ / Unranked),"Set unique, keyword-rich title tags (<60 chars)","Set unique, keyword-rich title tags (<60 chars)
Write compelling meta descriptions (150–160 chars)
Add proper heading hierarchy (H1 → H2 → H3)
Ensure page is indexable (no noindex, no canonical issues)
Add Open Graph and Twitter card meta tags"
https://simplyenak.com/de/tours/corporate-groups,tour,tour:corporate-groups,0.5,65,1,Foundation (Position 50+ / Unranked),"Set unique, keyword-rich title tags (<60 chars)","Set unique, keyword-rich title tags (<60 chars)
Write compelling meta descriptions (150–160 chars)
Add proper heading hierarchy (H1 → H2 → H3)
Ensure page is indexable (no noindex, no canonical issues)
Add Open Graph and Twitter card meta tags"
https://simplyenak.com/de/tours/flavours-of-malaysia,tour,tour:flavours-of-malaysia,0.5,65,1,Foundation (Position 50+ / Unranked),"Set unique, keyword-rich title tags (<60 chars)","Set unique, keyword-rich title tags (<60 chars)
Write compelling meta descriptions (150–160 chars)
Add proper heading hierarchy (H1 → H2 → H3)
Ensure page is indexable (no noindex, no canonical issues)
Add Open Graph and Twitter card meta tags"
https://simplyenak.com/de/tours/georgetown-night-food-durian,tour,tour:georgetown-night-food-durian,0.5,65,1,Foundation (Position 50+ / Unranked),"Set unique, keyword-rich title tags (<60 chars)","Set unique, keyword-rich title tags (<60 chars)
Write compelling meta descriptions (150–160 chars)
Add proper heading hierarchy (H1 → H2 → H3)
Ensure page is indexable (no noindex, no canonical issues)
Add Open Graph and Twitter card meta tags"
https://simplyenak.com/de/tours/inside-pudu,tour,tour:inside-pudu,0.5,65,1,Foundation (Position 50+ / Unranked),"Set unique, keyword-rich title tags (<60 chars)","Set unique, keyword-rich title tags (<60 chars)
Write compelling meta descriptions (150–160 chars)
Add proper heading hierarchy (H1 → H2 → H3)
Ensure page is indexable (no noindex, no canonical issues)
Add Open Graph and Twitter card meta tags"
https://simplyenak.com/de/tours/kl-vegetarian-food-tour,tour,tour:kl-vegetarian-food-tour,0.5,65,1,Foundation (Position 50+ / Unranked),"Set unique, keyword-rich title tags (<60 chars)","Set unique, keyword-rich title tags (<60 chars)
Write compelling meta descriptions (150–160 chars)
Add proper heading hierarchy (H1 → H2 → H3)
Ensure page is indexable (no noindex, no canonical issues)
Add Open Graph and Twitter card meta tags"
https://simplyenak.com/de/tours/kuala-lumpur-street-food,tour,tour:kuala-lumpur-street-food,0.5,65,1,Foundation (Position 50+ / Unranked),"Set unique, keyword-rich title tags (<60 chars)","Set unique, keyword-rich title tags (<60 chars)
Write compelling meta descriptions (150–160 chars)
Add proper heading hierarchy (H1 → H2 → H3)
Ensure page is indexable (no noindex, no canonical issues)
Add Open Graph and Twitter card meta tags"
https://simplyenak.com/de/tours/penang-street-food,tour,tour:penang-street-food,0.5,65,1,Foundation (Position 50+ / Unranked),"Set unique, keyword-rich title tags (<60 chars)","Set unique, keyword-rich title tags (<60 chars)
Write compelling meta descriptions (150–160 chars)
Add proper heading hierarchy (H1 → H2 → H3)
Ensure page is indexable (no noindex, no canonical issues)
Add Open Graph and Twitter card meta tags"
https://simplyenak.com/de/tours/private-tours,tour,tour:private-tours,0.5,65,1,Foundation (Position 50+ / Unranked),"Set unique, keyword-rich title tags (<60 chars)","Set unique, keyword-rich title tags (<60 chars)
Write compelling meta descriptions (150–160 chars)
Add proper heading hierarchy (H1 → H2 → H3)
Ensure page is indexable (no noindex, no canonical issues)
Add Open Graph and Twitter card meta tags"
https://simplyenak.com/de/tours/secrets-of-kl-nightlife-street-art-and-cocktails,tour,tour:secrets-of-kl-nightlife-street-art-and-cocktails,0.5,65,1,Foundation (Position 50+ / Unranked),"Set unique, keyword-rich title tags (<60 chars)","Set unique, keyword-rich title tags (<60 chars)
Write compelling meta descriptions (150–160 chars)
Add proper heading hierarchy (H1 → H2 → H3)
Ensure page is indexable (no noindex, no canonical issues)
Add Open Graph and Twitter card meta tags"
https://simplyenak.com/de/tours/tailored-tours,tour,tour:tailored-tours,0.5,65,1,Foundation (Position 50+ / Unranked),"Set unique, keyword-rich title tags (<60 chars)","Set unique, keyword-rich title tags (<60 chars)
Write compelling meta descriptions (150–160 chars)
Add proper heading hierarchy (H1 → H2 → H3)
Ensure page is indexable (no noindex, no canonical issues)
Add Open Graph and Twitter card meta tags"
https://simplyenak.com/es/tours/corporate-groups,tour,tour:corporate-groups,0.5,65,1,Foundation (Position 50+ / Unranked),"Set unique, keyword-rich title tags (<60 chars)","Set unique, keyword-rich title tags (<60 chars)
Write compelling meta descriptions (150–160 chars)
Add proper heading hierarchy (H1 → H2 → H3)
Ensure page is indexable (no noindex, no canonical issues)
Add Open Graph and Twitter card meta tags"
https://simplyenak.com/es/tours/flavours-of-malaysia,tour,tour:flavours-of-malaysia,0.5,65,1,Foundation (Position 50+ / Unranked),"Set unique, keyword-rich title tags (<60 chars)","Set unique, keyword-rich title tags (<60 chars)
Write compelling meta descriptions (150–160 chars)
Add proper heading hierarchy (H1 → H2 → H3)
Ensure page is indexable (no noindex, no canonical issues)
Add Open Graph and Twitter card meta tags"
https://simplyenak.com/es/tours/georgetown-night-food-durian,tour,tour:georgetown-night-food-durian,0.5,65,1,Foundation (Position 50+ / Unranked),"Set unique, keyword-rich title tags (<60 chars)","Set unique, keyword-rich title tags (<60 chars)
Write compelling meta descriptions (150–160 chars)
Add proper heading hierarchy (H1 → H2 → H3)
Ensure page is indexable (no noindex, no canonical issues)
Add Open Graph and Twitter card meta tags"
https://simplyenak.com/es/tours/inside-pudu,tour,tour:inside-pudu,0.5,65,1,Foundation (Position 50+ / Unranked),"Set unique, keyword-rich title tags (<60 chars)","Set unique, keyword-rich title tags (<60 chars)
Write compelling meta descriptions (150–160 chars)
Add proper heading hierarchy (H1 → H2 → H3)
Ensure page is indexable (no noindex, no canonical issues)
Add Open Graph and Twitter card meta tags"
https://simplyenak.com/es/tours/kl-vegetarian-food-tour,tour,tour:kl-vegetarian-food-tour,0.5,65,1,Foundation (Position 50+ / Unranked),"Set unique, keyword-rich title tags (<60 chars)","Set unique, keyword-rich title tags (<60 chars)
Write compelling meta descriptions (150–160 chars)
Add proper heading hierarchy (H1 → H2 → H3)
Ensure page is indexable (no noindex, no canonical issues)
Add Open Graph and Twitter card meta tags"
https://simplyenak.com/es/tours/kuala-lumpur-street-food,tour,tour:kuala-lumpur-street-food,0.5,65,1,Foundation (Position 50+ / Unranked),"Set unique, keyword-rich title tags (<60 chars)","Set unique, keyword-rich title tags (<60 chars)
Write compelling meta descriptions (150–160 chars)
Add proper heading hierarchy (H1 → H2 → H3)
Ensure page is indexable (no noindex, no canonical issues)
Add Open Graph and Twitter card meta tags"
https://simplyenak.com/es/tours/penang-street-food,tour,tour:penang-street-food,0.5,65,1,Foundation (Position 50+ / Unranked),"Set unique, keyword-rich title tags (<60 chars)","Set unique, keyword-rich title tags (<60 chars)
Write compelling meta descriptions (150–160 chars)
Add proper heading hierarchy (H1 → H2 → H3)
Ensure page is indexable (no noindex, no canonical issues)
Add Open Graph and Twitter card meta tags"
https://simplyenak.com/es/tours/private-tours,tour,tour:private-tours,0.5,65,1,Foundation (Position 50+ / Unranked),"Set unique, keyword-rich title tags (<60 chars)","Set unique, keyword-rich title tags (<60 chars)
Write compelling meta descriptions (150–160 chars)
Add proper heading hierarchy (H1 → H2 → H3)
Ensure page is indexable (no noindex, no canonical issues)
Add Open Graph and Twitter card meta tags"
https://simplyenak.com/es/tours/secrets-of-kl-nightlife-street-art-and-cocktails,tour,tour:secrets-of-kl-nightlife-street-art-and-cocktails,0.5,65,1,Foundation (Position 50+ / Unranked),"Set unique, keyword-rich title tags (<60 chars)","Set unique, keyword-rich title tags (<60 chars)
Write compelling meta descriptions (150–160 chars)
Add proper heading hierarchy (H1 → H2 → H3)
Ensure page is indexable (no noindex, no canonical issues)
Add Open Graph and Twitter card meta tags"
https://simplyenak.com/es/tours/tailored-tours,tour,tour:tailored-tours,0.5,65,1,Foundation (Position 50+ / Unranked),"Set unique, keyword-rich title tags (<60 chars)","Set unique, keyword-rich title tags (<60 chars)
Write compelling meta descriptions (150–160 chars)
Add proper heading hierarchy (H1 → H2 → H3)
Ensure page is indexable (no noindex, no canonical issues)
Add Open Graph and Twitter card meta tags"
https://simplyenak.com/fr/tours/corporate-groups,tour,tour:corporate-groups,0.5,65,1,Foundation (Position 50+ / Unranked),"Set unique, keyword-rich title tags (<60 chars)","Set unique, keyword-rich title tags (<60 chars)
Write compelling meta descriptions (150–160 chars)
Add proper heading hierarchy (H1 → H2 → H3)
Ensure page is indexable (no noindex, no canonical issues)
Add Open Graph and Twitter card meta tags"
https://simplyenak.com/fr/tours/flavours-of-malaysia,tour,tour:flavours-of-malaysia,0.5,65,1,Foundation (Position 50+ / Unranked),"Set unique, keyword-rich title tags (<60 chars)","Set unique, keyword-rich title tags (<60 chars)
Write compelling meta descriptions (150–160 chars)
Add proper heading hierarchy (H1 → H2 → H3)
Ensure page is indexable (no noindex, no canonical issues)
Add Open Graph and Twitter card meta tags"
https://simplyenak.com/fr/tours/georgetown-night-food-durian,tour,tour:georgetown-night-food-durian,0.5,65,1,Foundation (Position 50+ / Unranked),"Set unique, keyword-rich title tags (<60 chars)","Set unique, keyword-rich title tags (<60 chars)
Write compelling meta descriptions (150–160 chars)
Add proper heading hierarchy (H1 → H2 → H3)
Ensure page is indexable (no noindex, no canonical issues)
Add Open Graph and Twitter card meta tags"
https://simplyenak.com/fr/tours/inside-pudu,tour,tour:inside-pudu,0.5,65,1,Foundation (Position 50+ / Unranked),"Set unique, keyword-rich title tags (<60 chars)","Set unique, keyword-rich title tags (<60 chars)
Write compelling meta descriptions (150–160 chars)
Add proper heading hierarchy (H1 → H2 → H3)
Ensure page is indexable (no noindex, no canonical issues)
Add Open Graph and Twitter card meta tags"
https://simplyenak.com/fr/tours/kl-vegetarian-food-tour,tour,tour:kl-vegetarian-food-tour,0.5,65,1,Foundation (Position 50+ / Unranked),"Set unique, keyword-rich title tags (<60 chars)","Set unique, keyword-rich title tags (<60 chars)
Write compelling meta descriptions (150–160 chars)
Add proper heading hierarchy (H1 → H2 → H3)
Ensure page is indexable (no noindex, no canonical issues)
Add Open Graph and Twitter card meta tags"
https://simplyenak.com/fr/tours/kuala-lumpur-street-food,tour,tour:kuala-lumpur-street-food,0.5,65,1,Foundation (Position 50+ / Unranked),"Set unique, keyword-rich title tags (<60 chars)","Set unique, keyword-rich title tags (<60 chars)
Write compelling meta descriptions (150–160 chars)
Add proper heading hierarchy (H1 → H2 → H3)
Ensure page is indexable (no noindex, no canonical issues)
Add Open Graph and Twitter card meta tags"
https://simplyenak.com/fr/tours/penang-street-food,tour,tour:penang-street-food,0.5,65,1,Foundation (Position 50+ / Unranked),"Set unique, keyword-rich title tags (<60 chars)","Set unique, keyword-rich title tags (<60 chars)
Write compelling meta descriptions (150–160 chars)
Add proper heading hierarchy (H1 → H2 → H3)
Ensure page is indexable (no noindex, no canonical issues)
Add Open Graph and Twitter card meta tags"
https://simplyenak.com/fr/tours/private-tours,tour,tour:private-tours,0.5,65,1,Foundation (Position 50+ / Unranked),"Set unique, keyword-rich title tags (<60 chars)","Set unique, keyword-rich title tags (<60 chars)
Write compelling meta descriptions (150–160 chars)
Add proper heading hierarchy (H1 → H2 → H3)
Ensure page is indexable (no noindex, no canonical issues)
Add Open Graph and Twitter card meta tags"
https://simplyenak.com/fr/tours/secrets-of-kl-nightlife-street-art-and-cocktails,tour,tour:secrets-of-kl-nightlife-street-art-and-cocktails,0.5,65,1,Foundation (Position 50+ / Unranked),"Set unique, keyword-rich title tags (<60 chars)","Set unique, keyword-rich title tags (<60 chars)
Write compelling meta descriptions (150–160 chars)
Add proper heading hierarchy (H1 → H2 → H3)
Ensure page is indexable (no noindex, no canonical issues)
Add Open Graph and Twitter card meta tags"
https://simplyenak.com/fr/tours/tailored-tours,tour,tour:tailored-tours,0.5,65,1,Foundation (Position 50+ / Unranked),"Set unique, keyword-rich title tags (<60 chars)","Set unique, keyword-rich title tags (<60 chars)
Write compelling meta descriptions (150–160 chars)
Add proper heading hierarchy (H1 → H2 → H3)
Ensure page is indexable (no noindex, no canonical issues)
Add Open Graph and Twitter card meta tags"
https://simplyenak.com/ja/tours/corporate-groups,tour,tour:corporate-groups,0.5,65,1,Foundation (Position 50+ / Unranked),"Set unique, keyword-rich title tags (<60 chars)","Set unique, keyword-rich title tags (<60 chars)
Write compelling meta descriptions (150–160 chars)
Add proper heading hierarchy (H1 → H2 → H3)
Ensure page is indexable (no noindex, no canonical issues)
Add Open Graph and Twitter card meta tags"
https://simplyenak.com/ja/tours/flavours-of-malaysia,tour,tour:flavours-of-malaysia,0.5,65,1,Foundation (Position 50+ / Unranked),"Set unique, keyword-rich title tags (<60 chars)","Set unique, keyword-rich title tags (<60 chars)
Write compelling meta descriptions (150–160 chars)
Add proper heading hierarchy (H1 → H2 → H3)
Ensure page is indexable (no noindex, no canonical issues)
Add Open Graph and Twitter card meta tags"
https://simplyenak.com/ja/tours/georgetown-night-food-durian,tour,tour:georgetown-night-food-durian,0.5,65,1,Foundation (Position 50+ / Unranked),"Set unique, keyword-rich title tags (<60 chars)","Set unique, keyword-rich title tags (<60 chars)
Write compelling meta descriptions (150–160 chars)
Add proper heading hierarchy (H1 → H2 → H3)
Ensure page is indexable (no noindex, no canonical issues)
Add Open Graph and Twitter card meta tags"
https://simplyenak.com/ja/tours/inside-pudu,tour,tour:inside-pudu,0.5,65,1,Foundation (Position 50+ / Unranked),"Set unique, keyword-rich title tags (<60 chars)","Set unique, keyword-rich title tags (<60 chars)
Write compelling meta descriptions (150–160 chars)
Add proper heading hierarchy (H1 → H2 → H3)
Ensure page is indexable (no noindex, no canonical issues)
Add Open Graph and Twitter card meta tags"
https://simplyenak.com/ja/tours/kl-vegetarian-food-tour,tour,tour:kl-vegetarian-food-tour,0.5,65,1,Foundation (Position 50+ / Unranked),"Set unique, keyword-rich title tags (<60 chars)","Set unique, keyword-rich title tags (<60 chars)
Write compelling meta descriptions (150–160 chars)
Add proper heading hierarchy (H1 → H2 → H3)
Ensure page is indexable (no noindex, no canonical issues)
Add Open Graph and Twitter card meta tags"
https://simplyenak.com/ja/tours/kuala-lumpur-street-food,tour,tour:kuala-lumpur-street-food,0.5,65,1,Foundation (Position 50+ / Unranked),"Set unique, keyword-rich title tags (<60 chars)","Set unique, keyword-rich title tags (<60 chars)
Write compelling meta descriptions (150–160 chars)
Add proper heading hierarchy (H1 → H2 → H3)
Ensure page is indexable (no noindex, no canonical issues)
Add Open Graph and Twitter card meta tags"
https://simplyenak.com/ja/tours/penang-street-food,tour,tour:penang-street-food,0.5,65,1,Foundation (Position 50+ / Unranked),"Set unique, keyword-rich title tags (<60 chars)","Set unique, keyword-rich title tags (<60 chars)
Write compelling meta descriptions (150–160 chars)
Add proper heading hierarchy (H1 → H2 → H3)
Ensure page is indexable (no noindex, no canonical issues)
Add Open Graph and Twitter card meta tags"
https://simplyenak.com/ja/tours/private-tours,tour,tour:private-tours,0.5,65,1,Foundation (Position 50+ / Unranked),"Set unique, keyword-rich title tags (<60 chars)","Set unique, keyword-rich title tags (<60 chars)
Write compelling meta descriptions (150–160 chars)
Add proper heading hierarchy (H1 → H2 → H3)
Ensure page is indexable (no noindex, no canonical issues)
Add Open Graph and Twitter card meta tags"
https://simplyenak.com/ja/tours/secrets-of-kl-nightlife-street-art-and-cocktails,tour,tour:secrets-of-kl-nightlife-street-art-and-cocktails,0.5,65,1,Foundation (Position 50+ / Unranked),"Set unique, keyword-rich title tags (<60 chars)","Set unique, keyword-rich title tags (<60 chars)
Write compelling meta descriptions (150–160 chars)
Add proper heading hierarchy (H1 → H2 → H3)
Ensure page is indexable (no noindex, no canonical issues)
Add Open Graph and Twitter card meta tags"
https://simplyenak.com/ja/tours/tailored-tours,tour,tour:tailored-tours,0.5,65,1,Foundation (Position 50+ / Unranked),"Set unique, keyword-rich title tags (<60 chars)","Set unique, keyword-rich title tags (<60 chars)
Write compelling meta descriptions (150–160 chars)
Add proper heading hierarchy (H1 → H2 → H3)
Ensure page is indexable (no noindex, no canonical issues)
Add Open Graph and Twitter card meta tags"
https://simplyenak.com/ms/tours/corporate-groups,tour,tour:corporate-groups,0.5,65,1,Foundation (Position 50+ / Unranked),"Set unique, keyword-rich title tags (<60 chars)","Set unique, keyword-rich title tags (<60 chars)
Write compelling meta descriptions (150–160 chars)
Add proper heading hierarchy (H1 → H2 → H3)
Ensure page is indexable (no noindex, no canonical issues)
Add Open Graph and Twitter card meta tags"
https://simplyenak.com/ms/tours/flavours-of-malaysia,tour,tour:flavours-of-malaysia,0.5,65,1,Foundation (Position 50+ / Unranked),"Set unique, keyword-rich title tags (<60 chars)","Set unique, keyword-rich title tags (<60 chars)
Write compelling meta descriptions (150–160 chars)
Add proper heading hierarchy (H1 → H2 → H3)
Ensure page is indexable (no noindex, no canonical issues)
Add Open Graph and Twitter card meta tags"
https://simplyenak.com/ms/tours/georgetown-night-food-durian,tour,tour:georgetown-night-food-durian,0.5,65,1,Foundation (Position 50+ / Unranked),"Set unique, keyword-rich title tags (<60 chars)","Set unique, keyword-rich title tags (<60 chars)
Write compelling meta descriptions (150–160 chars)
Add proper heading hierarchy (H1 → H2 → H3)
Ensure page is indexable (no noindex, no canonical issues)
Add Open Graph and Twitter card meta tags"
https://simplyenak.com/ms/tours/inside-pudu,tour,tour:inside-pudu,0.5,65,1,Foundation (Position 50+ / Unranked),"Set unique, keyword-rich title tags (<60 chars)","Set unique, keyword-rich title tags (<60 chars)
Write compelling meta descriptions (150–160 chars)
Add proper heading hierarchy (H1 → H2 → H3)
Ensure page is indexable (no noindex, no canonical issues)
Add Open Graph and Twitter card meta tags"
https://simplyenak.com/ms/tours/kl-vegetarian-food-tour,tour,tour:kl-vegetarian-food-tour,0.5,65,1,Foundation (Position 50+ / Unranked),"Set unique, keyword-rich title tags (<60 chars)","Set unique, keyword-rich title tags (<60 chars)
Write compelling meta descriptions (150–160 chars)
Add proper heading hierarchy (H1 → H2 → H3)
Ensure page is indexable (no noindex, no canonical issues)
Add Open Graph and Twitter card meta tags"
https://simplyenak.com/ms/tours/kuala-lumpur-street-food,tour,tour:kuala-lumpur-street-food,0.5,65,1,Foundation (Position 50+ / Unranked),"Set unique, keyword-rich title tags (<60 chars)","Set unique, keyword-rich title tags (<60 chars)
Write compelling meta descriptions (150–160 chars)
Add proper heading hierarchy (H1 → H2 → H3)
Ensure page is indexable (no noindex, no canonical issues)
Add Open Graph and Twitter card meta tags"
https://simplyenak.com/ms/tours/penang-street-food,tour,tour:penang-street-food,0.5,65,1,Foundation (Position 50+ / Unranked),"Set unique, keyword-rich title tags (<60 chars)","Set unique, keyword-rich title tags (<60 chars)
Write compelling meta descriptions (150–160 chars)
Add proper heading hierarchy (H1 → H2 → H3)
Ensure page is indexable (no noindex, no canonical issues)
Add Open Graph and Twitter card meta tags"
https://simplyenak.com/ms/tours/private-tours,tour,tour:private-tours,0.5,65,1,Foundation (Position 50+ / Unranked),"Set unique, keyword-rich title tags (<60 chars)","Set unique, keyword-rich title tags (<60 chars)
Write compelling meta descriptions (150–160 chars)
Add proper heading hierarchy (H1 → H2 → H3)
Ensure page is indexable (no noindex, no canonical issues)
Add Open Graph and Twitter card meta tags"
https://simplyenak.com/ms/tours/secrets-of-kl-nightlife-street-art-and-cocktails,tour,tour:secrets-of-kl-nightlife-street-art-and-cocktails,0.5,65,1,Foundation (Position 50+ / Unranked),"Set unique, keyword-rich title tags (<60 chars)","Set unique, keyword-rich title tags (<60 chars)
Write compelling meta descriptions (150–160 chars)
Add proper heading hierarchy (H1 → H2 → H3)
Ensure page is indexable (no noindex, no canonical issues)
Add Open Graph and Twitter card meta tags"
https://simplyenak.com/ms/tours/tailored-tours,tour,tour:tailored-tours,0.5,65,1,Foundation (Position 50+ / Unranked),"Set unique, keyword-rich title tags (<60 chars)","Set unique, keyword-rich title tags (<60 chars)
Write compelling meta descriptions (150–160 chars)
Add proper heading hierarchy (H1 → H2 → H3)
Ensure page is indexable (no noindex, no canonical issues)
Add Open Graph and Twitter card meta tags"
https://simplyenak.com/nl/tours/corporate-groups,tour,tour:corporate-groups,0.5,65,1,Foundation (Position 50+ / Unranked),"Set unique, keyword-rich title tags (<60 chars)","Set unique, keyword-rich title tags (<60 chars)
Write compelling meta descriptions (150–160 chars)
Add proper heading hierarchy (H1 → H2 → H3)
Ensure page is indexable (no noindex, no canonical issues)
Add Open Graph and Twitter card meta tags"
https://simplyenak.com/nl/tours/flavours-of-malaysia,tour,tour:flavours-of-malaysia,0.5,65,1,Foundation (Position 50+ / Unranked),"Set unique, keyword-rich title tags (<60 chars)","Set unique, keyword-rich title tags (<60 chars)
Write compelling meta descriptions (150–160 chars)
Add proper heading hierarchy (H1 → H2 → H3)
Ensure page is indexable (no noindex, no canonical issues)
Add Open Graph and Twitter card meta tags"
https://simplyenak.com/nl/tours/georgetown-night-food-durian,tour,tour:georgetown-night-food-durian,0.5,65,1,Foundation (Position 50+ / Unranked),"Set unique, keyword-rich title tags (<60 chars)","Set unique, keyword-rich title tags (<60 chars)
Write compelling meta descriptions (150–160 chars)
Add proper heading hierarchy (H1 → H2 → H3)
Ensure page is indexable (no noindex, no canonical issues)
Add Open Graph and Twitter card meta tags"
https://simplyenak.com/nl/tours/inside-pudu,tour,tour:inside-pudu,0.5,65,1,Foundation (Position 50+ / Unranked),"Set unique, keyword-rich title tags (<60 chars)","Set unique, keyword-rich title tags (<60 chars)
Write compelling meta descriptions (150–160 chars)
Add proper heading hierarchy (H1 → H2 → H3)
Ensure page is indexable (no noindex, no canonical issues)
Add Open Graph and Twitter card meta tags"
https://simplyenak.com/nl/tours/kl-vegetarian-food-tour,tour,tour:kl-vegetarian-food-tour,0.5,65,1,Foundation (Position 50+ / Unranked),"Set unique, keyword-rich title tags (<60 chars)","Set unique, keyword-rich title tags (<60 chars)
Write compelling meta descriptions (150–160 chars)
Add proper heading hierarchy (H1 → H2 → H3)
Ensure page is indexable (no noindex, no canonical issues)
Add Open Graph and Twitter card meta tags"
https://simplyenak.com/nl/tours/kuala-lumpur-street-food,tour,tour:kuala-lumpur-street-food,0.5,65,1,Foundation (Position 50+ / Unranked),"Set unique, keyword-rich title tags (<60 chars)","Set unique, keyword-rich title tags (<60 chars)
Write compelling meta descriptions (150–160 chars)
Add proper heading hierarchy (H1 → H2 → H3)
Ensure page is indexable (no noindex, no canonical issues)
Add Open Graph and Twitter card meta tags"
https://simplyenak.com/nl/tours/penang-street-food,tour,tour:penang-street-food,0.5,65,1,Foundation (Position 50+ / Unranked),"Set unique, keyword-rich title tags (<60 chars)","Set unique, keyword-rich title tags (<60 chars)
Write compelling meta descriptions (150–160 chars)
Add proper heading hierarchy (H1 → H2 → H3)
Ensure page is indexable (no noindex, no canonical issues)
Add Open Graph and Twitter card meta tags"
https://simplyenak.com/nl/tours/private-tours,tour,tour:private-tours,0.5,65,1,Foundation (Position 50+ / Unranked),"Set unique, keyword-rich title tags (<60 chars)","Set unique, keyword-rich title tags (<60 chars)
Write compelling meta descriptions (150–160 chars)
Add proper heading hierarchy (H1 → H2 → H3)
Ensure page is indexable (no noindex, no canonical issues)
Add Open Graph and Twitter card meta tags"
https://simplyenak.com/nl/tours/secrets-of-kl-nightlife-street-art-and-cocktails,tour,tour:secrets-of-kl-nightlife-street-art-and-cocktails,0.5,65,1,Foundation (Position 50+ / Unranked),"Set unique, keyword-rich title tags (<60 chars)","Set unique, keyword-rich title tags (<60 chars)
Write compelling meta descriptions (150–160 chars)
Add proper heading hierarchy (H1 → H2 → H3)
Ensure page is indexable (no noindex, no canonical issues)
Add Open Graph and Twitter card meta tags"
https://simplyenak.com/nl/tours/tailored-tours,tour,tour:tailored-tours,0.5,65,1,Foundation (Position 50+ / Unranked),"Set unique, keyword-rich title tags (<60 chars)","Set unique, keyword-rich title tags (<60 chars)
Write compelling meta descriptions (150–160 chars)
Add proper heading hierarchy (H1 → H2 → H3)
Ensure page is indexable (no noindex, no canonical issues)
Add Open Graph and Twitter card meta tags"
https://simplyenak.com/pt/tours/corporate-groups,tour,tour:corporate-groups,0.5,65,1,Foundation (Position 50+ / Unranked),"Set unique, keyword-rich title tags (<60 chars)","Set unique, keyword-rich title tags (<60 chars)
Write compelling meta descriptions (150–160 chars)
Add proper heading hierarchy (H1 → H2 → H3)
Ensure page is indexable (no noindex, no canonical issues)
Add Open Graph and Twitter card meta tags"
https://simplyenak.com/pt/tours/flavours-of-malaysia,tour,tour:flavours-of-malaysia,0.5,65,1,Foundation (Position 50+ / Unranked),"Set unique, keyword-rich title tags (<60 chars)","Set unique, keyword-rich title tags (<60 chars)
Write compelling meta descriptions (150–160 chars)
Add proper heading hierarchy (H1 → H2 → H3)
Ensure page is indexable (no noindex, no canonical issues)
Add Open Graph and Twitter card meta tags"
https://simplyenak.com/pt/tours/georgetown-night-food-durian,tour,tour:georgetown-night-food-durian,0.5,65,1,Foundation (Position 50+ / Unranked),"Set unique, keyword-rich title tags (<60 chars)","Set unique, keyword-rich title tags (<60 chars)
Write compelling meta descriptions (150–160 chars)
Add proper heading hierarchy (H1 → H2 → H3)
Ensure page is indexable (no noindex, no canonical issues)
Add Open Graph and Twitter card meta tags"
https://simplyenak.com/pt/tours/inside-pudu,tour,tour:inside-pudu,0.5,65,1,Foundation (Position 50+ / Unranked),"Set unique, keyword-rich title tags (<60 chars)","Set unique, keyword-rich title tags (<60 chars)
Write compelling meta descriptions (150–160 chars)
Add proper heading hierarchy (H1 → H2 → H3)
Ensure page is indexable (no noindex, no canonical issues)
Add Open Graph and Twitter card meta tags"
https://simplyenak.com/pt/tours/kl-vegetarian-food-tour,tour,tour:kl-vegetarian-food-tour,0.5,65,1,Foundation (Position 50+ / Unranked),"Set unique, keyword-rich title tags (<60 chars)","Set unique, keyword-rich title tags (<60 chars)
Write compelling meta descriptions (150–160 chars)
Add proper heading hierarchy (H1 → H2 → H3)
Ensure page is indexable (no noindex, no canonical issues)
Add Open Graph and Twitter card meta tags"
https://simplyenak.com/pt/tours/kuala-lumpur-street-food,tour,tour:kuala-lumpur-street-food,0.5,65,1,Foundation (Position 50+ / Unranked),"Set unique, keyword-rich title tags (<60 chars)","Set unique, keyword-rich title tags (<60 chars)
Write compelling meta descriptions (150–160 chars)
Add proper heading hierarchy (H1 → H2 → H3)
Ensure page is indexable (no noindex, no canonical issues)
Add Open Graph and Twitter card meta tags"
https://simplyenak.com/pt/tours/penang-street-food,tour,tour:penang-street-food,0.5,65,1,Foundation (Position 50+ / Unranked),"Set unique, keyword-rich title tags (<60 chars)","Set unique, keyword-rich title tags (<60 chars)
Write compelling meta descriptions (150–160 chars)
Add proper heading hierarchy (H1 → H2 → H3)
Ensure page is indexable (no noindex, no canonical issues)
Add Open Graph and Twitter card meta tags"
https://simplyenak.com/pt/tours/private-tours,tour,tour:private-tours,0.5,65,1,Foundation (Position 50+ / Unranked),"Set unique, keyword-rich title tags (<60 chars)","Set unique, keyword-rich title tags (<60 chars)
Write compelling meta descriptions (150–160 chars)
Add proper heading hierarchy (H1 → H2 → H3)
Ensure page is indexable (no noindex, no canonical issues)
Add Open Graph and Twitter card meta tags"
https://simplyenak.com/pt/tours/secrets-of-kl-nightlife-street-art-and-cocktails,tour,tour:secrets-of-kl-nightlife-street-art-and-cocktails,0.5,65,1,Foundation (Position 50+ / Unranked),"Set unique, keyword-rich title tags (<60 chars)","Set unique, keyword-rich title tags (<60 chars)
Write compelling meta descriptions (150–160 chars)
Add proper heading hierarchy (H1 → H2 → H3)
Ensure page is indexable (no noindex, no canonical issues)
Add Open Graph and Twitter card meta tags"
https://simplyenak.com/pt/tours/tailored-tours,tour,tour:tailored-tours,0.5,65,1,Foundation (Position 50+ / Unranked),"Set unique, keyword-rich title tags (<60 chars)","Set unique, keyword-rich title tags (<60 chars)
Write compelling meta descriptions (150–160 chars)
Add proper heading hierarchy (H1 → H2 → H3)
Ensure page is indexable (no noindex, no canonical issues)
Add Open Graph and Twitter card meta tags"
https://simplyenak.com/ru/tours/corporate-groups,tour,tour:corporate-groups,0.5,65,1,Foundation (Position 50+ / Unranked),"Set unique, keyword-rich title tags (<60 chars)","Set unique, keyword-rich title tags (<60 chars)
Write compelling meta descriptions (150–160 chars)
Add proper heading hierarchy (H1 → H2 → H3)
Ensure page is indexable (no noindex, no canonical issues)
Add Open Graph and Twitter card meta tags"
https://simplyenak.com/ru/tours/flavours-of-malaysia,tour,tour:flavours-of-malaysia,0.5,65,1,Foundation (Position 50+ / Unranked),"Set unique, keyword-rich title tags (<60 chars)","Set unique, keyword-rich title tags (<60 chars)
Write compelling meta descriptions (150–160 chars)
Add proper heading hierarchy (H1 → H2 → H3)
Ensure page is indexable (no noindex, no canonical issues)
Add Open Graph and Twitter card meta tags"
https://simplyenak.com/ru/tours/georgetown-night-food-durian,tour,tour:georgetown-night-food-durian,0.5,65,1,Foundation (Position 50+ / Unranked),"Set unique, keyword-rich title tags (<60 chars)","Set unique, keyword-rich title tags (<60 chars)
Write compelling meta descriptions (150–160 chars)
Add proper heading hierarchy (H1 → H2 → H3)
Ensure page is indexable (no noindex, no canonical issues)
Add Open Graph and Twitter card meta tags"
https://simplyenak.com/ru/tours/inside-pudu,tour,tour:inside-pudu,0.5,65,1,Foundation (Position 50+ / Unranked),"Set unique, keyword-rich title tags (<60 chars)","Set unique, keyword-rich title tags (<60 chars)
Write compelling meta descriptions (150–160 chars)
Add proper heading hierarchy (H1 → H2 → H3)
Ensure page is indexable (no noindex, no canonical issues)
Add Open Graph and Twitter card meta tags"
https://simplyenak.com/ru/tours/kl-vegetarian-food-tour,tour,tour:kl-vegetarian-food-tour,0.5,65,1,Foundation (Position 50+ / Unranked),"Set unique, keyword-rich title tags (<60 chars)","Set unique, keyword-rich title tags (<60 chars)
Write compelling meta descriptions (150–160 chars)
Add proper heading hierarchy (H1 → H2 → H3)
Ensure page is indexable (no noindex, no canonical issues)
Add Open Graph and Twitter card meta tags"
https://simplyenak.com/ru/tours/kuala-lumpur-street-food,tour,tour:kuala-lumpur-street-food,0.5,65,1,Foundation (Position 50+ / Unranked),"Set unique, keyword-rich title tags (<60 chars)","Set unique, keyword-rich title tags (<60 chars)
Write compelling meta descriptions (150–160 chars)
Add proper heading hierarchy (H1 → H2 → H3)
Ensure page is indexable (no noindex, no canonical issues)
Add Open Graph and Twitter card meta tags"
https://simplyenak.com/ru/tours/penang-street-food,tour,tour:penang-street-food,0.5,65,1,Foundation (Position 50+ / Unranked),"Set unique, keyword-rich title tags (<60 chars)","Set unique, keyword-rich title tags (<60 chars)
Write compelling meta descriptions (150–160 chars)
Add proper heading hierarchy (H1 → H2 → H3)
Ensure page is indexable (no noindex, no canonical issues)
Add Open Graph and Twitter card meta tags"
https://simplyenak.com/ru/tours/private-tours,tour,tour:private-tours,0.5,65,1,Foundation (Position 50+ / Unranked),"Set unique, keyword-rich title tags (<60 chars)","Set unique, keyword-rich title tags (<60 chars)
Write compelling meta descriptions (150–160 chars)
Add proper heading hierarchy (H1 → H2 → H3)
Ensure page is indexable (no noindex, no canonical issues)
Add Open Graph and Twitter card meta tags"
https://simplyenak.com/ru/tours/secrets-of-kl-nightlife-street-art-and-cocktails,tour,tour:secrets-of-kl-nightlife-street-art-and-cocktails,0.5,65,1,Foundation (Position 50+ / Unranked),"Set unique, keyword-rich title tags (<60 chars)","Set unique, keyword-rich title tags (<60 chars)
Write compelling meta descriptions (150–160 chars)
Add proper heading hierarchy (H1 → H2 → H3)
Ensure page is indexable (no noindex, no canonical issues)
Add Open Graph and Twitter card meta tags"
https://simplyenak.com/ru/tours/tailored-tours,tour,tour:tailored-tours,0.5,65,1,Foundation (Position 50+ / Unranked),"Set unique, keyword-rich title tags (<60 chars)","Set unique, keyword-rich title tags (<60 chars)
Write compelling meta descriptions (150–160 chars)
Add proper heading hierarchy (H1 → H2 → H3)
Ensure page is indexable (no noindex, no canonical issues)
Add Open Graph and Twitter card meta tags"
https://simplyenak.com/tours/corporate-groups,tour,tour:corporate-groups,0.5,65,1,Foundation (Position 50+ / Unranked),"Set unique, keyword-rich title tags (<60 chars)","Set unique, keyword-rich title tags (<60 chars)
Write compelling meta descriptions (150–160 chars)
Add proper heading hierarchy (H1 → H2 → H3)
Ensure page is indexable (no noindex, no canonical issues)
Add Open Graph and Twitter card meta tags"
https://simplyenak.com/tours/georgetown-night-food-durian,tour,tour:georgetown-night-food-durian,0.5,65,1,Foundation (Position 50+ / Unranked),"Set unique, keyword-rich title tags (<60 chars)","Set unique, keyword-rich title tags (<60 chars)
Write compelling meta descriptions (150–160 chars)
Add proper heading hierarchy (H1 → H2 → H3)
Ensure page is indexable (no noindex, no canonical issues)
Add Open Graph and Twitter card meta tags"
https://simplyenak.com/tours/private-tours,tour,tour:private-tours,0.5,65,1,Foundation (Position 50+ / Unranked),"Set unique, keyword-rich title tags (<60 chars)","Set unique, keyword-rich title tags (<60 chars)
Write compelling meta descriptions (150–160 chars)
Add proper heading hierarchy (H1 → H2 → H3)
Ensure page is indexable (no noindex, no canonical issues)
Add Open Graph and Twitter card meta tags"
https://simplyenak.com/tours/private-tours/private-food-tour-kuala-lumpur,tour,tour:private-food-tour-kuala-lumpur,0.5,65,1,Foundation (Position 50+ / Unranked),"Set unique, keyword-rich title tags (<60 chars)","Set unique, keyword-rich title tags (<60 chars)
Write compelling meta descriptions (150–160 chars)
Add proper heading hierarchy (H1 → H2 → H3)
Ensure page is indexable (no noindex, no canonical issues)
Add Open Graph and Twitter card meta tags"
https://simplyenak.com/tours/private-tours/private-food-tour-penang,tour,tour:private-food-tour-penang,0.5,65,1,Foundation (Position 50+ / Unranked),"Set unique, keyword-rich title tags (<60 chars)","Set unique, keyword-rich title tags (<60 chars)
Write compelling meta descriptions (150–160 chars)
Add proper heading hierarchy (H1 → H2 → H3)
Ensure page is indexable (no noindex, no canonical issues)
Add Open Graph and Twitter card meta tags"
https://simplyenak.com/tours/secrets-of-kl-nightlife-street-art-and-cocktails,tour,tour:secrets-of-kl-nightlife-street-art-and-cocktails,0.5,65,1,Foundation (Position 50+ / Unranked),"Set unique, keyword-rich title tags (<60 chars)","Set unique, keyword-rich title tags (<60 chars)
Write compelling meta descriptions (150–160 chars)
Add proper heading hierarchy (H1 → H2 → H3)
Ensure page is indexable (no noindex, no canonical issues)
Add Open Graph and Twitter card meta tags"
https://simplyenak.com/tours/tailored-tours,tour,tour:tailored-tours,0.5,65,1,Foundation (Position 50+ / Unranked),"Set unique, keyword-rich title tags (<60 chars)","Set unique, keyword-rich title tags (<60 chars)
Write compelling meta descriptions (150–160 chars)
Add proper heading hierarchy (H1 → H2 → H3)
Ensure page is indexable (no noindex, no canonical issues)
Add Open Graph and Twitter card meta tags"
https://simplyenak.com/tours/why-simply-enak,tour,tour:why-simply-enak,0.5,65,1,Foundation (Position 50+ / Unranked),"Set unique, keyword-rich title tags (<60 chars)","Set unique, keyword-rich title tags (<60 chars)
Write compelling meta descriptions (150–160 chars)
Add proper heading hierarchy (H1 → H2 → H3)
Ensure page is indexable (no noindex, no canonical issues)
Add Open Graph and Twitter card meta tags"
https://simplyenak.com/zh/tours/corporate-groups,tour,tour:corporate-groups,0.5,65,1,Foundation (Position 50+ / Unranked),"Set unique, keyword-rich title tags (<60 chars)","Set unique, keyword-rich title tags (<60 chars)
Write compelling meta descriptions (150–160 chars)
Add proper heading hierarchy (H1 → H2 → H3)
Ensure page is indexable (no noindex, no canonical issues)
Add Open Graph and Twitter card meta tags"
https://simplyenak.com/zh/tours/flavours-of-malaysia,tour,tour:flavours-of-malaysia,0.5,65,1,Foundation (Position 50+ / Unranked),"Set unique, keyword-rich title tags (<60 chars)","Set unique, keyword-rich title tags (<60 chars)
Write compelling meta descriptions (150–160 chars)
Add proper heading hierarchy (H1 → H2 → H3)
Ensure page is indexable (no noindex, no canonical issues)
Add Open Graph and Twitter card meta tags"
https://simplyenak.com/zh/tours/georgetown-night-food-durian,tour,tour:georgetown-night-food-durian,0.5,65,1,Foundation (Position 50+ / Unranked),"Set unique, keyword-rich title tags (<60 chars)","Set unique, keyword-rich title tags (<60 chars)
Write compelling meta descriptions (150–160 chars)
Add proper heading hierarchy (H1 → H2 → H3)
Ensure page is indexable (no noindex, no canonical issues)
Add Open Graph and Twitter card meta tags"
https://simplyenak.com/zh/tours/inside-pudu,tour,tour:inside-pudu,0.5,65,1,Foundation (Position 50+ / Unranked),"Set unique, keyword-rich title tags (<60 chars)","Set unique, keyword-rich title tags (<60 chars)
Write compelling meta descriptions (150–160 chars)
Add proper heading hierarchy (H1 → H2 → H3)
Ensure page is indexable (no noindex, no canonical issues)
Add Open Graph and Twitter card meta tags"
https://simplyenak.com/zh/tours/kl-vegetarian-food-tour,tour,tour:kl-vegetarian-food-tour,0.5,65,1,Foundation (Position 50+ / Unranked),"Set unique, keyword-rich title tags (<60 chars)","Set unique, keyword-rich title tags (<60 chars)
Write compelling meta descriptions (150–160 chars)
Add proper heading hierarchy (H1 → H2 → H3)
Ensure page is indexable (no noindex, no canonical issues)
Add Open Graph and Twitter card meta tags"
https://simplyenak.com/zh/tours/kuala-lumpur-street-food,tour,tour:kuala-lumpur-street-food,0.5,65,1,Foundation (Position 50+ / Unranked),"Set unique, keyword-rich title tags (<60 chars)","Set unique, keyword-rich title tags (<60 chars)
Write compelling meta descriptions (150–160 chars)
Add proper heading hierarchy (H1 → H2 → H3)
Ensure page is indexable (no noindex, no canonical issues)
Add Open Graph and Twitter card meta tags"
https://simplyenak.com/zh/tours/penang-street-food,tour,tour:penang-street-food,0.5,65,1,Foundation (Position 50+ / Unranked),"Set unique, keyword-rich title tags (<60 chars)","Set unique, keyword-rich title tags (<60 chars)
Write compelling meta descriptions (150–160 chars)
Add proper heading hierarchy (H1 → H2 → H3)
Ensure page is indexable (no noindex, no canonical issues)
Add Open Graph and Twitter card meta tags"
https://simplyenak.com/zh/tours/private-tours,tour,tour:private-tours,0.5,65,1,Foundation (Position 50+ / Unranked),"Set unique, keyword-rich title tags (<60 chars)","Set unique, keyword-rich title tags (<60 chars)
Write compelling meta descriptions (150–160 chars)
Add proper heading hierarchy (H1 → H2 → H3)
Ensure page is indexable (no noindex, no canonical issues)
Add Open Graph and Twitter card meta tags"
https://simplyenak.com/zh/tours/secrets-of-kl-nightlife-street-art-and-cocktails,tour,tour:secrets-of-kl-nightlife-street-art-and-cocktails,0.5,65,1,Foundation (Position 50+ / Unranked),"Set unique, keyword-rich title tags (<60 chars)","Set unique, keyword-rich title tags (<60 chars)
Write compelling meta descriptions (150–160 chars)
Add proper heading hierarchy (H1 → H2 → H3)
Ensure page is indexable (no noindex, no canonical issues)
Add Open Graph and Twitter card meta tags"
https://simplyenak.com/zh/tours/tailored-tours,tour,tour:tailored-tours,0.5,65,1,Foundation (Position 50+ / Unranked),"Set unique, keyword-rich title tags (<60 chars)","Set unique, keyword-rich title tags (<60 chars)
Write compelling meta descriptions (150–160 chars)
Add proper heading hierarchy (H1 → H2 → H3)
Ensure page is indexable (no noindex, no canonical issues)
Add Open Graph and Twitter card meta tags"
https://simplyenak.com/de/about,supporting,page:about,0.5,70,1,Foundation (Position 50+ / Unranked),"Set unique, keyword-rich title tags (<60 chars)","Set unique, keyword-rich title tags (<60 chars)
Write compelling meta descriptions (150–160 chars)
Add proper heading hierarchy (H1 → H2 → H3)
Ensure page is indexable (no noindex, no canonical issues)
Add Open Graph and Twitter card meta tags"
https://simplyenak.com/de/contact,supporting,page:contact,0.5,70,1,Foundation (Position 50+ / Unranked),"Set unique, keyword-rich title tags (<60 chars)","Set unique, keyword-rich title tags (<60 chars)
Write compelling meta descriptions (150–160 chars)
Add proper heading hierarchy (H1 → H2 → H3)
Ensure page is indexable (no noindex, no canonical issues)
Add Open Graph and Twitter card meta tags"
https://simplyenak.com/de/directions,supporting,page:directions,0.5,70,1,Foundation (Position 50+ / Unranked),"Set unique, keyword-rich title tags (<60 chars)","Set unique, keyword-rich title tags (<60 chars)
Write compelling meta descriptions (150–160 chars)
Add proper heading hierarchy (H1 → H2 → H3)
Ensure page is indexable (no noindex, no canonical issues)
Add Open Graph and Twitter card meta tags"
https://simplyenak.com/de/faq,supporting,page:faq,0.5,70,1,Foundation (Position 50+ / Unranked),"Set unique, keyword-rich title tags (<60 chars)","Set unique, keyword-rich title tags (<60 chars)
Write compelling meta descriptions (150–160 chars)
Add proper heading hierarchy (H1 → H2 → H3)
Ensure page is indexable (no noindex, no canonical issues)
Add Open Graph and Twitter card meta tags"
https://simplyenak.com/de/how-it-works,supporting,page:how-it-works,0.5,70,1,Foundation (Position 50+ / Unranked),"Set unique, keyword-rich title tags (<60 chars)","Set unique, keyword-rich title tags (<60 chars)
Write compelling meta descriptions (150–160 chars)
Add proper heading hierarchy (H1 → H2 → H3)
Ensure page is indexable (no noindex, no canonical issues)
Add Open Graph and Twitter card meta tags"
https://simplyenak.com/de/how-to-prepare,supporting,page:how-to-prepare,0.5,70,1,Foundation (Position 50+ / Unranked),"Set unique, keyword-rich title tags (<60 chars)","Set unique, keyword-rich title tags (<60 chars)
Write compelling meta descriptions (150–160 chars)
Add proper heading hierarchy (H1 → H2 → H3)
Ensure page is indexable (no noindex, no canonical issues)
Add Open Graph and Twitter card meta tags"
https://simplyenak.com/de/stories,supporting,blog-index,0.5,70,1,Foundation (Position 50+ / Unranked),"Set unique, keyword-rich title tags (<60 chars)","Set unique, keyword-rich title tags (<60 chars)
Write compelling meta descriptions (150–160 chars)
Add proper heading hierarchy (H1 → H2 → H3)
Ensure page is indexable (no noindex, no canonical issues)
Add Open Graph and Twitter card meta tags"
https://simplyenak.com/de/tour-quiz,supporting,page:tour-quiz,0.5,70,1,Foundation (Position 50+ / Unranked),"Set unique, keyword-rich title tags (<60 chars)","Set unique, keyword-rich title tags (<60 chars)
Write compelling meta descriptions (150–160 chars)
Add proper heading hierarchy (H1 → H2 → H3)
Ensure page is indexable (no noindex, no canonical issues)
Add Open Graph and Twitter card meta tags"
https://simplyenak.com/de/tours,supporting,page:tours,0.5,70,1,Foundation (Position 50+ / Unranked),"Set unique, keyword-rich title tags (<60 chars)","Set unique, keyword-rich title tags (<60 chars)
Write compelling meta descriptions (150–160 chars)
Add proper heading hierarchy (H1 → H2 → H3)
Ensure page is indexable (no noindex, no canonical issues)
Add Open Graph and Twitter card meta tags"
https://simplyenak.com/de/track-record,supporting,page:track-record,0.5,70,1,Foundation (Position 50+ / Unranked),"Set unique, keyword-rich title tags (<60 chars)","Set unique, keyword-rich title tags (<60 chars)
Write compelling meta descriptions (150–160 chars)
Add proper heading hierarchy (H1 → H2 → H3)
Ensure page is indexable (no noindex, no canonical issues)
Add Open Graph and Twitter card meta tags"
https://simplyenak.com/directions,supporting,page:directions,0.5,70,1,Foundation (Position 50+ / Unranked),"Set unique, keyword-rich title tags (<60 chars)","Set unique, keyword-rich title tags (<60 chars)
Write compelling meta descriptions (150–160 chars)
Add proper heading hierarchy (H1 → H2 → H3)
Ensure page is indexable (no noindex, no canonical issues)
Add Open Graph and Twitter card meta tags"
https://simplyenak.com/es/about,supporting,page:about,0.5,70,1,Foundation (Position 50+ / Unranked),"Set unique, keyword-rich title tags (<60 chars)","Set unique, keyword-rich title tags (<60 chars)
Write compelling meta descriptions (150–160 chars)
Add proper heading hierarchy (H1 → H2 → H3)
Ensure page is indexable (no noindex, no canonical issues)
Add Open Graph and Twitter card meta tags"
https://simplyenak.com/es/contact,supporting,page:contact,0.5,70,1,Foundation (Position 50+ / Unranked),"Set unique, keyword-rich title tags (<60 chars)","Set unique, keyword-rich title tags (<60 chars)
Write compelling meta descriptions (150–160 chars)
Add proper heading hierarchy (H1 → H2 → H3)
Ensure page is indexable (no noindex, no canonical issues)
Add Open Graph and Twitter card meta tags"
https://simplyenak.com/es/directions,supporting,page:directions,0.5,70,1,Foundation (Position 50+ / Unranked),"Set unique, keyword-rich title tags (<60 chars)","Set unique, keyword-rich title tags (<60 chars)
Write compelling meta descriptions (150–160 chars)
Add proper heading hierarchy (H1 → H2 → H3)
Ensure page is indexable (no noindex, no canonical issues)
Add Open Graph and Twitter card meta tags"
https://simplyenak.com/es/faq,supporting,page:faq,0.5,70,1,Foundation (Position 50+ / Unranked),"Set unique, keyword-rich title tags (<60 chars)","Set unique, keyword-rich title tags (<60 chars)
Write compelling meta descriptions (150–160 chars)
Add proper heading hierarchy (H1 → H2 → H3)
Ensure page is indexable (no noindex, no canonical issues)
Add Open Graph and Twitter card meta tags"
https://simplyenak.com/es/how-it-works,supporting,page:how-it-works,0.5,70,1,Foundation (Position 50+ / Unranked),"Set unique, keyword-rich title tags (<60 chars)","Set unique, keyword-rich title tags (<60 chars)
Write compelling meta descriptions (150–160 chars)
Add proper heading hierarchy (H1 → H2 → H3)
Ensure page is indexable (no noindex, no canonical issues)
Add Open Graph and Twitter card meta tags"
https://simplyenak.com/es/how-to-prepare,supporting,page:how-to-prepare,0.5,70,1,Foundation (Position 50+ / Unranked),"Set unique, keyword-rich title tags (<60 chars)","Set unique, keyword-rich title tags (<60 chars)
Write compelling meta descriptions (150–160 chars)
Add proper heading hierarchy (H1 → H2 → H3)
Ensure page is indexable (no noindex, no canonical issues)
Add Open Graph and Twitter card meta tags"
https://simplyenak.com/es/stories,supporting,blog-index,0.5,70,1,Foundation (Position 50+ / Unranked),"Set unique, keyword-rich title tags (<60 chars)","Set unique, keyword-rich title tags (<60 chars)
Write compelling meta descriptions (150–160 chars)
Add proper heading hierarchy (H1 → H2 → H3)
Ensure page is indexable (no noindex, no canonical issues)
Add Open Graph and Twitter card meta tags"
https://simplyenak.com/es/tour-quiz,supporting,page:tour-quiz,0.5,70,1,Foundation (Position 50+ / Unranked),"Set unique, keyword-rich title tags (<60 chars)","Set unique, keyword-rich title tags (<60 chars)
Write compelling meta descriptions (150–160 chars)
Add proper heading hierarchy (H1 → H2 → H3)
Ensure page is indexable (no noindex, no canonical issues)
Add Open Graph and Twitter card meta tags"
https://simplyenak.com/es/tours,supporting,page:tours,0.5,70,1,Foundation (Position 50+ / Unranked),"Set unique, keyword-rich title tags (<60 chars)","Set unique, keyword-rich title tags (<60 chars)
Write compelling meta descriptions (150–160 chars)
Add proper heading hierarchy (H1 → H2 → H3)
Ensure page is indexable (no noindex, no canonical issues)
Add Open Graph and Twitter card meta tags"
https://simplyenak.com/es/track-record,supporting,page:track-record,0.5,70,1,Foundation (Position 50+ / Unranked),"Set unique, keyword-rich title tags (<60 chars)","Set unique, keyword-rich title tags (<60 chars)
Write compelling meta descriptions (150–160 chars)
Add proper heading hierarchy (H1 → H2 → H3)
Ensure page is indexable (no noindex, no canonical issues)
Add Open Graph and Twitter card meta tags"
https://simplyenak.com/faq,supporting,page:faq,0.5,70,1,Foundation (Position 50+ / Unranked),"Set unique, keyword-rich title tags (<60 chars)","Set unique, keyword-rich title tags (<60 chars)
Write compelling meta descriptions (150–160 chars)
Add proper heading hierarchy (H1 → H2 → H3)
Ensure page is indexable (no noindex, no canonical issues)
Add Open Graph and Twitter card meta tags"
https://simplyenak.com/fr/about,supporting,page:about,0.5,70,1,Foundation (Position 50+ / Unranked),"Set unique, keyword-rich title tags (<60 chars)","Set unique, keyword-rich title tags (<60 chars)
Write compelling meta descriptions (150–160 chars)
Add proper heading hierarchy (H1 → H2 → H3)
Ensure page is indexable (no noindex, no canonical issues)
Add Open Graph and Twitter card meta tags"
https://simplyenak.com/fr/contact,supporting,page:contact,0.5,70,1,Foundation (Position 50+ / Unranked),"Set unique, keyword-rich title tags (<60 chars)","Set unique, keyword-rich title tags (<60 chars)
Write compelling meta descriptions (150–160 chars)
Add proper heading hierarchy (H1 → H2 → H3)
Ensure page is indexable (no noindex, no canonical issues)
Add Open Graph and Twitter card meta tags"
https://simplyenak.com/fr/directions,supporting,page:directions,0.5,70,1,Foundation (Position 50+ / Unranked),"Set unique, keyword-rich title tags (<60 chars)","Set unique, keyword-rich title tags (<60 chars)
Write compelling meta descriptions (150–160 chars)
Add proper heading hierarchy (H1 → H2 → H3)
Ensure page is indexable (no noindex, no canonical issues)
Add Open Graph and Twitter card meta tags"
https://simplyenak.com/fr/faq,supporting,page:faq,0.5,70,1,Foundation (Position 50+ / Unranked),"Set unique, keyword-rich title tags (<60 chars)","Set unique, keyword-rich title tags (<60 chars)
Write compelling meta descriptions (150–160 chars)
Add proper heading hierarchy (H1 → H2 → H3)
Ensure page is indexable (no noindex, no canonical issues)
Add Open Graph and Twitter card meta tags"
https://simplyenak.com/fr/how-it-works,supporting,page:how-it-works,0.5,70,1,Foundation (Position 50+ / Unranked),"Set unique, keyword-rich title tags (<60 chars)","Set unique, keyword-rich title tags (<60 chars)
Write compelling meta descriptions (150–160 chars)
Add proper heading hierarchy (H1 → H2 → H3)
Ensure page is indexable (no noindex, no canonical issues)
Add Open Graph and Twitter card meta tags"
https://simplyenak.com/fr/how-to-prepare,supporting,page:how-to-prepare,0.5,70,1,Foundation (Position 50+ / Unranked),"Set unique, keyword-rich title tags (<60 chars)","Set unique, keyword-rich title tags (<60 chars)
Write compelling meta descriptions (150–160 chars)
Add proper heading hierarchy (H1 → H2 → H3)
Ensure page is indexable (no noindex, no canonical issues)
Add Open Graph and Twitter card meta tags"
https://simplyenak.com/fr/stories,supporting,blog-index,0.5,70,1,Foundation (Position 50+ / Unranked),"Set unique, keyword-rich title tags (<60 chars)","Set unique, keyword-rich title tags (<60 chars)
Write compelling meta descriptions (150–160 chars)
Add proper heading hierarchy (H1 → H2 → H3)
Ensure page is indexable (no noindex, no canonical issues)
Add Open Graph and Twitter card meta tags"
https://simplyenak.com/fr/tour-quiz,supporting,page:tour-quiz,0.5,70,1,Foundation (Position 50+ / Unranked),"Set unique, keyword-rich title tags (<60 chars)","Set unique, keyword-rich title tags (<60 chars)
Write compelling meta descriptions (150–160 chars)
Add proper heading hierarchy (H1 → H2 → H3)
Ensure page is indexable (no noindex, no canonical issues)
Add Open Graph and Twitter card meta tags"
https://simplyenak.com/fr/tours,supporting,page:tours,0.5,70,1,Foundation (Position 50+ / Unranked),"Set unique, keyword-rich title tags (<60 chars)","Set unique, keyword-rich title tags (<60 chars)
Write compelling meta descriptions (150–160 chars)
Add proper heading hierarchy (H1 → H2 → H3)
Ensure page is indexable (no noindex, no canonical issues)
Add Open Graph and Twitter card meta tags"
https://simplyenak.com/fr/track-record,supporting,page:track-record,0.5,70,1,Foundation (Position 50+ / Unranked),"Set unique, keyword-rich title tags (<60 chars)","Set unique, keyword-rich title tags (<60 chars)
Write compelling meta descriptions (150–160 chars)
Add proper heading hierarchy (H1 → H2 → H3)
Ensure page is indexable (no noindex, no canonical issues)
Add Open Graph and Twitter card meta tags"
https://simplyenak.com/how-it-works,supporting,page:how-it-works,0.5,70,1,Foundation (Position 50+ / Unranked),"Set unique, keyword-rich title tags (<60 chars)","Set unique, keyword-rich title tags (<60 chars)
Write compelling meta descriptions (150–160 chars)
Add proper heading hierarchy (H1 → H2 → H3)
Ensure page is indexable (no noindex, no canonical issues)
Add Open Graph and Twitter card meta tags"
https://simplyenak.com/how-to-prepare,supporting,page:how-to-prepare,0.5,70,1,Foundation (Position 50+ / Unranked),"Set unique, keyword-rich title tags (<60 chars)","Set unique, keyword-rich title tags (<60 chars)
Write compelling meta descriptions (150–160 chars)
Add proper heading hierarchy (H1 → H2 → H3)
Ensure page is indexable (no noindex, no canonical issues)
Add Open Graph and Twitter card meta tags"
https://simplyenak.com/ja/about,supporting,page:about,0.5,70,1,Foundation (Position 50+ / Unranked),"Set unique, keyword-rich title tags (<60 chars)","Set unique, keyword-rich title tags (<60 chars)
Write compelling meta descriptions (150–160 chars)
Add proper heading hierarchy (H1 → H2 → H3)
Ensure page is indexable (no noindex, no canonical issues)
Add Open Graph and Twitter card meta tags"
https://simplyenak.com/ja/contact,supporting,page:contact,0.5,70,1,Foundation (Position 50+ / Unranked),"Set unique, keyword-rich title tags (<60 chars)","Set unique, keyword-rich title tags (<60 chars)
Write compelling meta descriptions (150–160 chars)
Add proper heading hierarchy (H1 → H2 → H3)
Ensure page is indexable (no noindex, no canonical issues)
Add Open Graph and Twitter card meta tags"
https://simplyenak.com/ja/directions,supporting,page:directions,0.5,70,1,Foundation (Position 50+ / Unranked),"Set unique, keyword-rich title tags (<60 chars)","Set unique, keyword-rich title tags (<60 chars)
Write compelling meta descriptions (150–160 chars)
Add proper heading hierarchy (H1 → H2 → H3)
Ensure page is indexable (no noindex, no canonical issues)
Add Open Graph and Twitter card meta tags"
https://simplyenak.com/ja/faq,supporting,page:faq,0.5,70,1,Foundation (Position 50+ / Unranked),"Set unique, keyword-rich title tags (<60 chars)","Set unique, keyword-rich title tags (<60 chars)
Write compelling meta descriptions (150–160 chars)
Add proper heading hierarchy (H1 → H2 → H3)
Ensure page is indexable (no noindex, no canonical issues)
Add Open Graph and Twitter card meta tags"
https://simplyenak.com/ja/how-it-works,supporting,page:how-it-works,0.5,70,1,Foundation (Position 50+ / Unranked),"Set unique, keyword-rich title tags (<60 chars)","Set unique, keyword-rich title tags (<60 chars)
Write compelling meta descriptions (150–160 chars)
Add proper heading hierarchy (H1 → H2 → H3)
Ensure page is indexable (no noindex, no canonical issues)
Add Open Graph and Twitter card meta tags"
https://simplyenak.com/ja/how-to-prepare,supporting,page:how-to-prepare,0.5,70,1,Foundation (Position 50+ / Unranked),"Set unique, keyword-rich title tags (<60 chars)","Set unique, keyword-rich title tags (<60 chars)
Write compelling meta descriptions (150–160 chars)
Add proper heading hierarchy (H1 → H2 → H3)
Ensure page is indexable (no noindex, no canonical issues)
Add Open Graph and Twitter card meta tags"
https://simplyenak.com/ja/stories,supporting,blog-index,0.5,70,1,Foundation (Position 50+ / Unranked),"Set unique, keyword-rich title tags (<60 chars)","Set unique, keyword-rich title tags (<60 chars)
Write compelling meta descriptions (150–160 chars)
Add proper heading hierarchy (H1 → H2 → H3)
Ensure page is indexable (no noindex, no canonical issues)
Add Open Graph and Twitter card meta tags"
https://simplyenak.com/ja/tour-quiz,supporting,page:tour-quiz,0.5,70,1,Foundation (Position 50+ / Unranked),"Set unique, keyword-rich title tags (<60 chars)","Set unique, keyword-rich title tags (<60 chars)
Write compelling meta descriptions (150–160 chars)
Add proper heading hierarchy (H1 → H2 → H3)
Ensure page is indexable (no noindex, no canonical issues)
Add Open Graph and Twitter card meta tags"
https://simplyenak.com/ja/tours,supporting,page:tours,0.5,70,1,Foundation (Position 50+ / Unranked),"Set unique, keyword-rich title tags (<60 chars)","Set unique, keyword-rich title tags (<60 chars)
Write compelling meta descriptions (150–160 chars)
Add proper heading hierarchy (H1 → H2 → H3)
Ensure page is indexable (no noindex, no canonical issues)
Add Open Graph and Twitter card meta tags"
https://simplyenak.com/ja/track-record,supporting,page:track-record,0.5,70,1,Foundation (Position 50+ / Unranked),"Set unique, keyword-rich title tags (<60 chars)","Set unique, keyword-rich title tags (<60 chars)
Write compelling meta descriptions (150–160 chars)
Add proper heading hierarchy (H1 → H2 → H3)
Ensure page is indexable (no noindex, no canonical issues)
Add Open Graph and Twitter card meta tags"
https://simplyenak.com/ms/about,supporting,page:about,0.5,70,1,Foundation (Position 50+ / Unranked),"Set unique, keyword-rich title tags (<60 chars)","Set unique, keyword-rich title tags (<60 chars)
Write compelling meta descriptions (150–160 chars)
Add proper heading hierarchy (H1 → H2 → H3)
Ensure page is indexable (no noindex, no canonical issues)
Add Open Graph and Twitter card meta tags"
https://simplyenak.com/ms/contact,supporting,page:contact,0.5,70,1,Foundation (Position 50+ / Unranked),"Set unique, keyword-rich title tags (<60 chars)","Set unique, keyword-rich title tags (<60 chars)
Write compelling meta descriptions (150–160 chars)
Add proper heading hierarchy (H1 → H2 → H3)
Ensure page is indexable (no noindex, no canonical issues)
Add Open Graph and Twitter card meta tags"
https://simplyenak.com/ms/directions,supporting,page:directions,0.5,70,1,Foundation (Position 50+ / Unranked),"Set unique, keyword-rich title tags (<60 chars)","Set unique, keyword-rich title tags (<60 chars)
Write compelling meta descriptions (150–160 chars)
Add proper heading hierarchy (H1 → H2 → H3)
Ensure page is indexable (no noindex, no canonical issues)
Add Open Graph and Twitter card meta tags"
https://simplyenak.com/ms/faq,supporting,page:faq,0.5,70,1,Foundation (Position 50+ / Unranked),"Set unique, keyword-rich title tags (<60 chars)","Set unique, keyword-rich title tags (<60 chars)
Write compelling meta descriptions (150–160 chars)
Add proper heading hierarchy (H1 → H2 → H3)
Ensure page is indexable (no noindex, no canonical issues)
Add Open Graph and Twitter card meta tags"
https://simplyenak.com/ms/how-it-works,supporting,page:how-it-works,0.5,70,1,Foundation (Position 50+ / Unranked),"Set unique, keyword-rich title tags (<60 chars)","Set unique, keyword-rich title tags (<60 chars)
Write compelling meta descriptions (150–160 chars)
Add proper heading hierarchy (H1 → H2 → H3)
Ensure page is indexable (no noindex, no canonical issues)
Add Open Graph and Twitter card meta tags"
https://simplyenak.com/ms/how-to-prepare,supporting,page:how-to-prepare,0.5,70,1,Foundation (Position 50+ / Unranked),"Set unique, keyword-rich title tags (<60 chars)","Set unique, keyword-rich title tags (<60 chars)
Write compelling meta descriptions (150–160 chars)
Add proper heading hierarchy (H1 → H2 → H3)
Ensure page is indexable (no noindex, no canonical issues)
Add Open Graph and Twitter card meta tags"
https://simplyenak.com/ms/stories,supporting,blog-index,0.5,70,1,Foundation (Position 50+ / Unranked),"Set unique, keyword-rich title tags (<60 chars)","Set unique, keyword-rich title tags (<60 chars)
Write compelling meta descriptions (150–160 chars)
Add proper heading hierarchy (H1 → H2 → H3)
Ensure page is indexable (no noindex, no canonical issues)
Add Open Graph and Twitter card meta tags"
https://simplyenak.com/ms/tour-quiz,supporting,page:tour-quiz,0.5,70,1,Foundation (Position 50+ / Unranked),"Set unique, keyword-rich title tags (<60 chars)","Set unique, keyword-rich title tags (<60 chars)
Write compelling meta descriptions (150–160 chars)
Add proper heading hierarchy (H1 → H2 → H3)
Ensure page is indexable (no noindex, no canonical issues)
Add Open Graph and Twitter card meta tags"
https://simplyenak.com/ms/tours,supporting,page:tours,0.5,70,1,Foundation (Position 50+ / Unranked),"Set unique, keyword-rich title tags (<60 chars)","Set unique, keyword-rich title tags (<60 chars)
Write compelling meta descriptions (150–160 chars)
Add proper heading hierarchy (H1 → H2 → H3)
Ensure page is indexable (no noindex, no canonical issues)
Add Open Graph and Twitter card meta tags"
https://simplyenak.com/ms/track-record,supporting,page:track-record,0.5,70,1,Foundation (Position 50+ / Unranked),"Set unique, keyword-rich title tags (<60 chars)","Set unique, keyword-rich title tags (<60 chars)
Write compelling meta descriptions (150–160 chars)
Add proper heading hierarchy (H1 → H2 → H3)
Ensure page is indexable (no noindex, no canonical issues)
Add Open Graph and Twitter card meta tags"
https://simplyenak.com/nl/about,supporting,page:about,0.5,70,1,Foundation (Position 50+ / Unranked),"Set unique, keyword-rich title tags (<60 chars)","Set unique, keyword-rich title tags (<60 chars)
Write compelling meta descriptions (150–160 chars)
Add proper heading hierarchy (H1 → H2 → H3)
Ensure page is indexable (no noindex, no canonical issues)
Add Open Graph and Twitter card meta tags"
https://simplyenak.com/nl/contact,supporting,page:contact,0.5,70,1,Foundation (Position 50+ / Unranked),"Set unique, keyword-rich title tags (<60 chars)","Set unique, keyword-rich title tags (<60 chars)
Write compelling meta descriptions (150–160 chars)
Add proper heading hierarchy (H1 → H2 → H3)
Ensure page is indexable (no noindex, no canonical issues)
Add Open Graph and Twitter card meta tags"
https://simplyenak.com/nl/directions,supporting,page:directions,0.5,70,1,Foundation (Position 50+ / Unranked),"Set unique, keyword-rich title tags (<60 chars)","Set unique, keyword-rich title tags (<60 chars)
Write compelling meta descriptions (150–160 chars)
Add proper heading hierarchy (H1 → H2 → H3)
Ensure page is indexable (no noindex, no canonical issues)
Add Open Graph and Twitter card meta tags"
https://simplyenak.com/nl/faq,supporting,page:faq,0.5,70,1,Foundation (Position 50+ / Unranked),"Set unique, keyword-rich title tags (<60 chars)","Set unique, keyword-rich title tags (<60 chars)
Write compelling meta descriptions (150–160 chars)
Add proper heading hierarchy (H1 → H2 → H3)
Ensure page is indexable (no noindex, no canonical issues)
Add Open Graph and Twitter card meta tags"
https://simplyenak.com/nl/how-it-works,supporting,page:how-it-works,0.5,70,1,Foundation (Position 50+ / Unranked),"Set unique, keyword-rich title tags (<60 chars)","Set unique, keyword-rich title tags (<60 chars)
Write compelling meta descriptions (150–160 chars)
Add proper heading hierarchy (H1 → H2 → H3)
Ensure page is indexable (no noindex, no canonical issues)
Add Open Graph and Twitter card meta tags"
https://simplyenak.com/nl/how-to-prepare,supporting,page:how-to-prepare,0.5,70,1,Foundation (Position 50+ / Unranked),"Set unique, keyword-rich title tags (<60 chars)","Set unique, keyword-rich title tags (<60 chars)
Write compelling meta descriptions (150–160 chars)
Add proper heading hierarchy (H1 → H2 → H3)
Ensure page is indexable (no noindex, no canonical issues)
Add Open Graph and Twitter card meta tags"
https://simplyenak.com/nl/stories,supporting,blog-index,0.5,70,1,Foundation (Position 50+ / Unranked),"Set unique, keyword-rich title tags (<60 chars)","Set unique, keyword-rich title tags (<60 chars)
Write compelling meta descriptions (150–160 chars)
Add proper heading hierarchy (H1 → H2 → H3)
Ensure page is indexable (no noindex, no canonical issues)
Add Open Graph and Twitter card meta tags"
https://simplyenak.com/nl/tour-quiz,supporting,page:tour-quiz,0.5,70,1,Foundation (Position 50+ / Unranked),"Set unique, keyword-rich title tags (<60 chars)","Set unique, keyword-rich title tags (<60 chars)
Write compelling meta descriptions (150–160 chars)
Add proper heading hierarchy (H1 → H2 → H3)
Ensure page is indexable (no noindex, no canonical issues)
Add Open Graph and Twitter card meta tags"
https://simplyenak.com/nl/tours,supporting,page:tours,0.5,70,1,Foundation (Position 50+ / Unranked),"Set unique, keyword-rich title tags (<60 chars)","Set unique, keyword-rich title tags (<60 chars)
Write compelling meta descriptions (150–160 chars)
Add proper heading hierarchy (H1 → H2 → H3)
Ensure page is indexable (no noindex, no canonical issues)
Add Open Graph and Twitter card meta tags"
https://simplyenak.com/nl/track-record,supporting,page:track-record,0.5,70,1,Foundation (Position 50+ / Unranked),"Set unique, keyword-rich title tags (<60 chars)","Set unique, keyword-rich title tags (<60 chars)
Write compelling meta descriptions (150–160 chars)
Add proper heading hierarchy (H1 → H2 → H3)
Ensure page is indexable (no noindex, no canonical issues)
Add Open Graph and Twitter card meta tags"
https://simplyenak.com/pt/about,supporting,page:about,0.5,70,1,Foundation (Position 50+ / Unranked),"Set unique, keyword-rich title tags (<60 chars)","Set unique, keyword-rich title tags (<60 chars)
Write compelling meta descriptions (150–160 chars)
Add proper heading hierarchy (H1 → H2 → H3)
Ensure page is indexable (no noindex, no canonical issues)
Add Open Graph and Twitter card meta tags"
https://simplyenak.com/pt/contact,supporting,page:contact,0.5,70,1,Foundation (Position 50+ / Unranked),"Set unique, keyword-rich title tags (<60 chars)","Set unique, keyword-rich title tags (<60 chars)
Write compelling meta descriptions (150–160 chars)
Add proper heading hierarchy (H1 → H2 → H3)
Ensure page is indexable (no noindex, no canonical issues)
Add Open Graph and Twitter card meta tags"
https://simplyenak.com/pt/directions,supporting,page:directions,0.5,70,1,Foundation (Position 50+ / Unranked),"Set unique, keyword-rich title tags (<60 chars)","Set unique, keyword-rich title tags (<60 chars)
Write compelling meta descriptions (150–160 chars)
Add proper heading hierarchy (H1 → H2 → H3)
Ensure page is indexable (no noindex, no canonical issues)
Add Open Graph and Twitter card meta tags"
https://simplyenak.com/pt/faq,supporting,page:faq,0.5,70,1,Foundation (Position 50+ / Unranked),"Set unique, keyword-rich title tags (<60 chars)","Set unique, keyword-rich title tags (<60 chars)
Write compelling meta descriptions (150–160 chars)
Add proper heading hierarchy (H1 → H2 → H3)
Ensure page is indexable (no noindex, no canonical issues)
Add Open Graph and Twitter card meta tags"
https://simplyenak.com/pt/how-it-works,supporting,page:how-it-works,0.5,70,1,Foundation (Position 50+ / Unranked),"Set unique, keyword-rich title tags (<60 chars)","Set unique, keyword-rich title tags (<60 chars)
Write compelling meta descriptions (150–160 chars)
Add proper heading hierarchy (H1 → H2 → H3)
Ensure page is indexable (no noindex, no canonical issues)
Add Open Graph and Twitter card meta tags"
https://simplyenak.com/pt/how-to-prepare,supporting,page:how-to-prepare,0.5,70,1,Foundation (Position 50+ / Unranked),"Set unique, keyword-rich title tags (<60 chars)","Set unique, keyword-rich title tags (<60 chars)
Write compelling meta descriptions (150–160 chars)
Add proper heading hierarchy (H1 → H2 → H3)
Ensure page is indexable (no noindex, no canonical issues)
Add Open Graph and Twitter card meta tags"
https://simplyenak.com/pt/stories,supporting,blog-index,0.5,70,1,Foundation (Position 50+ / Unranked),"Set unique, keyword-rich title tags (<60 chars)","Set unique, keyword-rich title tags (<60 chars)
Write compelling meta descriptions (150–160 chars)
Add proper heading hierarchy (H1 → H2 → H3)
Ensure page is indexable (no noindex, no canonical issues)
Add Open Graph and Twitter card meta tags"
https://simplyenak.com/pt/tour-quiz,supporting,page:tour-quiz,0.5,70,1,Foundation (Position 50+ / Unranked),"Set unique, keyword-rich title tags (<60 chars)","Set unique, keyword-rich title tags (<60 chars)
Write compelling meta descriptions (150–160 chars)
Add proper heading hierarchy (H1 → H2 → H3)
Ensure page is indexable (no noindex, no canonical issues)
Add Open Graph and Twitter card meta tags"
https://simplyenak.com/pt/tours,supporting,page:tours,0.5,70,1,Foundation (Position 50+ / Unranked),"Set unique, keyword-rich title tags (<60 chars)","Set unique, keyword-rich title tags (<60 chars)
Write compelling meta descriptions (150–160 chars)
Add proper heading hierarchy (H1 → H2 → H3)
Ensure page is indexable (no noindex, no canonical issues)
Add Open Graph and Twitter card meta tags"
https://simplyenak.com/pt/track-record,supporting,page:track-record,0.5,70,1,Foundation (Position 50+ / Unranked),"Set unique, keyword-rich title tags (<60 chars)","Set unique, keyword-rich title tags (<60 chars)
Write compelling meta descriptions (150–160 chars)
Add proper heading hierarchy (H1 → H2 → H3)
Ensure page is indexable (no noindex, no canonical issues)
Add Open Graph and Twitter card meta tags"
https://simplyenak.com/ru/about,supporting,page:about,0.5,70,1,Foundation (Position 50+ / Unranked),"Set unique, keyword-rich title tags (<60 chars)","Set unique, keyword-rich title tags (<60 chars)
Write compelling meta descriptions (150–160 chars)
Add proper heading hierarchy (H1 → H2 → H3)
Ensure page is indexable (no noindex, no canonical issues)
Add Open Graph and Twitter card meta tags"
https://simplyenak.com/ru/contact,supporting,page:contact,0.5,70,1,Foundation (Position 50+ / Unranked),"Set unique, keyword-rich title tags (<60 chars)","Set unique, keyword-rich title tags (<60 chars)
Write compelling meta descriptions (150–160 chars)
Add proper heading hierarchy (H1 → H2 → H3)
Ensure page is indexable (no noindex, no canonical issues)
Add Open Graph and Twitter card meta tags"
https://simplyenak.com/ru/directions,supporting,page:directions,0.5,70,1,Foundation (Position 50+ / Unranked),"Set unique, keyword-rich title tags (<60 chars)","Set unique, keyword-rich title tags (<60 chars)
Write compelling meta descriptions (150–160 chars)
Add proper heading hierarchy (H1 → H2 → H3)
Ensure page is indexable (no noindex, no canonical issues)
Add Open Graph and Twitter card meta tags"
https://simplyenak.com/ru/faq,supporting,page:faq,0.5,70,1,Foundation (Position 50+ / Unranked),"Set unique, keyword-rich title tags (<60 chars)","Set unique, keyword-rich title tags (<60 chars)
Write compelling meta descriptions (150–160 chars)
Add proper heading hierarchy (H1 → H2 → H3)
Ensure page is indexable (no noindex, no canonical issues)
Add Open Graph and Twitter card meta tags"
https://simplyenak.com/ru/how-it-works,supporting,page:how-it-works,0.5,70,1,Foundation (Position 50+ / Unranked),"Set unique, keyword-rich title tags (<60 chars)","Set unique, keyword-rich title tags (<60 chars)
Write compelling meta descriptions (150–160 chars)
Add proper heading hierarchy (H1 → H2 → H3)
Ensure page is indexable (no noindex, no canonical issues)
Add Open Graph and Twitter card meta tags"
https://simplyenak.com/ru/how-to-prepare,supporting,page:how-to-prepare,0.5,70,1,Foundation (Position 50+ / Unranked),"Set unique, keyword-rich title tags (<60 chars)","Set unique, keyword-rich title tags (<60 chars)
Write compelling meta descriptions (150–160 chars)
Add proper heading hierarchy (H1 → H2 → H3)
Ensure page is indexable (no noindex, no canonical issues)
Add Open Graph and Twitter card meta tags"
https://simplyenak.com/ru/stories,supporting,blog-index,0.5,70,1,Foundation (Position 50+ / Unranked),"Set unique, keyword-rich title tags (<60 chars)","Set unique, keyword-rich title tags (<60 chars)
Write compelling meta descriptions (150–160 chars)
Add proper heading hierarchy (H1 → H2 → H3)
Ensure page is indexable (no noindex, no canonical issues)
Add Open Graph and Twitter card meta tags"
https://simplyenak.com/ru/tour-quiz,supporting,page:tour-quiz,0.5,70,1,Foundation (Position 50+ / Unranked),"Set unique, keyword-rich title tags (<60 chars)","Set unique, keyword-rich title tags (<60 chars)
Write compelling meta descriptions (150–160 chars)
Add proper heading hierarchy (H1 → H2 → H3)
Ensure page is indexable (no noindex, no canonical issues)
Add Open Graph and Twitter card meta tags"
https://simplyenak.com/ru/tours,supporting,page:tours,0.5,70,1,Foundation (Position 50+ / Unranked),"Set unique, keyword-rich title tags (<60 chars)","Set unique, keyword-rich title tags (<60 chars)
Write compelling meta descriptions (150–160 chars)
Add proper heading hierarchy (H1 → H2 → H3)
Ensure page is indexable (no noindex, no canonical issues)
Add Open Graph and Twitter card meta tags"
https://simplyenak.com/ru/track-record,supporting,page:track-record,0.5,70,1,Foundation (Position 50+ / Unranked),"Set unique, keyword-rich title tags (<60 chars)","Set unique, keyword-rich title tags (<60 chars)
Write compelling meta descriptions (150–160 chars)
Add proper heading hierarchy (H1 → H2 → H3)
Ensure page is indexable (no noindex, no canonical issues)
Add Open Graph and Twitter card meta tags"
https://simplyenak.com/stories,supporting,blog-index,0.5,70,1,Foundation (Position 50+ / Unranked),"Set unique, keyword-rich title tags (<60 chars)","Set unique, keyword-rich title tags (<60 chars)
Write compelling meta descriptions (150–160 chars)
Add proper heading hierarchy (H1 → H2 → H3)
Ensure page is indexable (no noindex, no canonical issues)
Add Open Graph and Twitter card meta tags"
https://simplyenak.com/testimonials,supporting,page:testimonials,0.5,70,1,Foundation (Position 50+ / Unranked),"Set unique, keyword-rich title tags (<60 chars)","Set unique, keyword-rich title tags (<60 chars)
Write compelling meta descriptions (150–160 chars)
Add proper heading hierarchy (H1 → H2 → H3)
Ensure page is indexable (no noindex, no canonical issues)
Add Open Graph and Twitter card meta tags"
https://simplyenak.com/tour-quiz,supporting,page:tour-quiz,0.5,70,1,Foundation (Position 50+ / Unranked),"Set unique, keyword-rich title tags (<60 chars)","Set unique, keyword-rich title tags (<60 chars)
Write compelling meta descriptions (150–160 chars)
Add proper heading hierarchy (H1 → H2 → H3)
Ensure page is indexable (no noindex, no canonical issues)
Add Open Graph and Twitter card meta tags"
https://simplyenak.com/track-record,supporting,page:track-record,0.5,70,1,Foundation (Position 50+ / Unranked),"Set unique, keyword-rich title tags (<60 chars)","Set unique, keyword-rich title tags (<60 chars)
Write compelling meta descriptions (150–160 chars)
Add proper heading hierarchy (H1 → H2 → H3)
Ensure page is indexable (no noindex, no canonical issues)
Add Open Graph and Twitter card meta tags"
https://simplyenak.com/zh/about,supporting,page:about,0.5,70,1,Foundation (Position 50+ / Unranked),"Set unique, keyword-rich title tags (<60 chars)","Set unique, keyword-rich title tags (<60 chars)
Write compelling meta descriptions (150–160 chars)
Add proper heading hierarchy (H1 → H2 → H3)
Ensure page is indexable (no noindex, no canonical issues)
Add Open Graph and Twitter card meta tags"
https://simplyenak.com/zh/contact,supporting,page:contact,0.5,70,1,Foundation (Position 50+ / Unranked),"Set unique, keyword-rich title tags (<60 chars)","Set unique, keyword-rich title tags (<60 chars)
Write compelling meta descriptions (150–160 chars)
Add proper heading hierarchy (H1 → H2 → H3)
Ensure page is indexable (no noindex, no canonical issues)
Add Open Graph and Twitter card meta tags"
https://simplyenak.com/zh/directions,supporting,page:directions,0.5,70,1,Foundation (Position 50+ / Unranked),"Set unique, keyword-rich title tags (<60 chars)","Set unique, keyword-rich title tags (<60 chars)
Write compelling meta descriptions (150–160 chars)
Add proper heading hierarchy (H1 → H2 → H3)
Ensure page is indexable (no noindex, no canonical issues)
Add Open Graph and Twitter card meta tags"
https://simplyenak.com/zh/faq,supporting,page:faq,0.5,70,1,Foundation (Position 50+ / Unranked),"Set unique, keyword-rich title tags (<60 chars)","Set unique, keyword-rich title tags (<60 chars)
Write compelling meta descriptions (150–160 chars)
Add proper heading hierarchy (H1 → H2 → H3)
Ensure page is indexable (no noindex, no canonical issues)
Add Open Graph and Twitter card meta tags"
https://simplyenak.com/zh/how-it-works,supporting,page:how-it-works,0.5,70,1,Foundation (Position 50+ / Unranked),"Set unique, keyword-rich title tags (<60 chars)","Set unique, keyword-rich title tags (<60 chars)
Write compelling meta descriptions (150–160 chars)
Add proper heading hierarchy (H1 → H2 → H3)
Ensure page is indexable (no noindex, no canonical issues)
Add Open Graph and Twitter card meta tags"
https://simplyenak.com/zh/how-to-prepare,supporting,page:how-to-prepare,0.5,70,1,Foundation (Position 50+ / Unranked),"Set unique, keyword-rich title tags (<60 chars)","Set unique, keyword-rich title tags (<60 chars)
Write compelling meta descriptions (150–160 chars)
Add proper heading hierarchy (H1 → H2 → H3)
Ensure page is indexable (no noindex, no canonical issues)
Add Open Graph and Twitter card meta tags"
https://simplyenak.com/zh/stories,supporting,blog-index,0.5,70,1,Foundation (Position 50+ / Unranked),"Set unique, keyword-rich title tags (<60 chars)","Set unique, keyword-rich title tags (<60 chars)
Write compelling meta descriptions (150–160 chars)
Add proper heading hierarchy (H1 → H2 → H3)
Ensure page is indexable (no noindex, no canonical issues)
Add Open Graph and Twitter card meta tags"
https://simplyenak.com/zh/tour-quiz,supporting,page:tour-quiz,0.5,70,1,Foundation (Position 50+ / Unranked),"Set unique, keyword-rich title tags (<60 chars)","Set unique, keyword-rich title tags (<60 chars)
Write compelling meta descriptions (150–160 chars)
Add proper heading hierarchy (H1 → H2 → H3)
Ensure page is indexable (no noindex, no canonical issues)
Add Open Graph and Twitter card meta tags"
https://simplyenak.com/zh/tours,supporting,page:tours,0.5,70,1,Foundation (Position 50+ / Unranked),"Set unique, keyword-rich title tags (<60 chars)","Set unique, keyword-rich title tags (<60 chars)
Write compelling meta descriptions (150–160 chars)
Add proper heading hierarchy (H1 → H2 → H3)
Ensure page is indexable (no noindex, no canonical issues)
Add Open Graph and Twitter card meta tags"
https://simplyenak.com/zh/track-record,supporting,page:track-record,0.5,70,1,Foundation (Position 50+ / Unranked),"Set unique, keyword-rich title tags (<60 chars)","Set unique, keyword-rich title tags (<60 chars)
Write compelling meta descriptions (150–160 chars)
Add proper heading hierarchy (H1 → H2 → H3)
Ensure page is indexable (no noindex, no canonical issues)
Add Open Graph and Twitter card meta tags"
https://simplyenak.com/de/privacy,utility,utility:privacy,0.5,95,1,Foundation (Position 50+ / Unranked),"Set unique, keyword-rich title tags (<60 chars)","Set unique, keyword-rich title tags (<60 chars)
Write compelling meta descriptions (150–160 chars)
Add proper heading hierarchy (H1 → H2 → H3)
Ensure page is indexable (no noindex, no canonical issues)
Add Open Graph and Twitter card meta tags"
https://simplyenak.com/de/terms,utility,utility:terms,0.5,95,1,Foundation (Position 50+ / Unranked),"Set unique, keyword-rich title tags (<60 chars)","Set unique, keyword-rich title tags (<60 chars)
Write compelling meta descriptions (150–160 chars)
Add proper heading hierarchy (H1 → H2 → H3)
Ensure page is indexable (no noindex, no canonical issues)
Add Open Graph and Twitter card meta tags"
https://simplyenak.com/es/privacy,utility,utility:privacy,0.5,95,1,Foundation (Position 50+ / Unranked),"Set unique, keyword-rich title tags (<60 chars)","Set unique, keyword-rich title tags (<60 chars)
Write compelling meta descriptions (150–160 chars)
Add proper heading hierarchy (H1 → H2 → H3)
Ensure page is indexable (no noindex, no canonical issues)
Add Open Graph and Twitter card meta tags"
https://simplyenak.com/es/terms,utility,utility:terms,0.5,95,1,Foundation (Position 50+ / Unranked),"Set unique, keyword-rich title tags (<60 chars)","Set unique, keyword-rich title tags (<60 chars)
Write compelling meta descriptions (150–160 chars)
Add proper heading hierarchy (H1 → H2 → H3)
Ensure page is indexable (no noindex, no canonical issues)
Add Open Graph and Twitter card meta tags"
https://simplyenak.com/fr/privacy,utility,utility:privacy,0.5,95,1,Foundation (Position 50+ / Unranked),"Set unique, keyword-rich title tags (<60 chars)","Set unique, keyword-rich title tags (<60 chars)
Write compelling meta descriptions (150–160 chars)
Add proper heading hierarchy (H1 → H2 → H3)
Ensure page is indexable (no noindex, no canonical issues)
Add Open Graph and Twitter card meta tags"
https://simplyenak.com/fr/terms,utility,utility:terms,0.5,95,1,Foundation (Position 50+ / Unranked),"Set unique, keyword-rich title tags (<60 chars)","Set unique, keyword-rich title tags (<60 chars)
Write compelling meta descriptions (150–160 chars)
Add proper heading hierarchy (H1 → H2 → H3)
Ensure page is indexable (no noindex, no canonical issues)
Add Open Graph and Twitter card meta tags"
https://simplyenak.com/ja/privacy,utility,utility:privacy,0.5,95,1,Foundation (Position 50+ / Unranked),"Set unique, keyword-rich title tags (<60 chars)","Set unique, keyword-rich title tags (<60 chars)
Write compelling meta descriptions (150–160 chars)
Add proper heading hierarchy (H1 → H2 → H3)
Ensure page is indexable (no noindex, no canonical issues)
Add Open Graph and Twitter card meta tags"
https://simplyenak.com/ja/terms,utility,utility:terms,0.5,95,1,Foundation (Position 50+ / Unranked),"Set unique, keyword-rich title tags (<60 chars)","Set unique, keyword-rich title tags (<60 chars)
Write compelling meta descriptions (150–160 chars)
Add proper heading hierarchy (H1 → H2 → H3)
Ensure page is indexable (no noindex, no canonical issues)
Add Open Graph and Twitter card meta tags"
https://simplyenak.com/ms/privacy,utility,utility:privacy,0.5,95,1,Foundation (Position 50+ / Unranked),"Set unique, keyword-rich title tags (<60 chars)","Set unique, keyword-rich title tags (<60 chars)
Write compelling meta descriptions (150–160 chars)
Add proper heading hierarchy (H1 → H2 → H3)
Ensure page is indexable (no noindex, no canonical issues)
Add Open Graph and Twitter card meta tags"
https://simplyenak.com/ms/terms,utility,utility:terms,0.5,95,1,Foundation (Position 50+ / Unranked),"Set unique, keyword-rich title tags (<60 chars)","Set unique, keyword-rich title tags (<60 chars)
Write compelling meta descriptions (150–160 chars)
Add proper heading hierarchy (H1 → H2 → H3)
Ensure page is indexable (no noindex, no canonical issues)
Add Open Graph and Twitter card meta tags"
https://simplyenak.com/nl/privacy,utility,utility:privacy,0.5,95,1,Foundation (Position 50+ / Unranked),"Set unique, keyword-rich title tags (<60 chars)","Set unique, keyword-rich title tags (<60 chars)
Write compelling meta descriptions (150–160 chars)
Add proper heading hierarchy (H1 → H2 → H3)
Ensure page is indexable (no noindex, no canonical issues)
Add Open Graph and Twitter card meta tags"
https://simplyenak.com/nl/terms,utility,utility:terms,0.5,95,1,Foundation (Position 50+ / Unranked),"Set unique, keyword-rich title tags (<60 chars)","Set unique, keyword-rich title tags (<60 chars)
Write compelling meta descriptions (150–160 chars)
Add proper heading hierarchy (H1 → H2 → H3)
Ensure page is indexable (no noindex, no canonical issues)
Add Open Graph and Twitter card meta tags"
https://simplyenak.com/privacy,utility,utility:privacy,0.5,95,1,Foundation (Position 50+ / Unranked),"Set unique, keyword-rich title tags (<60 chars)","Set unique, keyword-rich title tags (<60 chars)
Write compelling meta descriptions (150–160 chars)
Add proper heading hierarchy (H1 → H2 → H3)
Ensure page is indexable (no noindex, no canonical issues)
Add Open Graph and Twitter card meta tags"
https://simplyenak.com/pt/privacy,utility,utility:privacy,0.5,95,1,Foundation (Position 50+ / Unranked),"Set unique, keyword-rich title tags (<60 chars)","Set unique, keyword-rich title tags (<60 chars)
Write compelling meta descriptions (150–160 chars)
Add proper heading hierarchy (H1 → H2 → H3)
Ensure page is indexable (no noindex, no canonical issues)
Add Open Graph and Twitter card meta tags"
https://simplyenak.com/pt/terms,utility,utility:terms,0.5,95,1,Foundation (Position 50+ / Unranked),"Set unique, keyword-rich title tags (<60 chars)","Set unique, keyword-rich title tags (<60 chars)
Write compelling meta descriptions (150–160 chars)
Add proper heading hierarchy (H1 → H2 → H3)
Ensure page is indexable (no noindex, no canonical issues)
Add Open Graph and Twitter card meta tags"
https://simplyenak.com/ru/privacy,utility,utility:privacy,0.5,95,1,Foundation (Position 50+ / Unranked),"Set unique, keyword-rich title tags (<60 chars)","Set unique, keyword-rich title tags (<60 chars)
Write compelling meta descriptions (150–160 chars)
Add proper heading hierarchy (H1 → H2 → H3)
Ensure page is indexable (no noindex, no canonical issues)
Add Open Graph and Twitter card meta tags"
https://simplyenak.com/ru/terms,utility,utility:terms,0.5,95,1,Foundation (Position 50+ / Unranked),"Set unique, keyword-rich title tags (<60 chars)","Set unique, keyword-rich title tags (<60 chars)
Write compelling meta descriptions (150–160 chars)
Add proper heading hierarchy (H1 → H2 → H3)
Ensure page is indexable (no noindex, no canonical issues)
Add Open Graph and Twitter card meta tags"
https://simplyenak.com/terms,utility,utility:terms,0.5,95,1,Foundation (Position 50+ / Unranked),"Set unique, keyword-rich title tags (<60 chars)","Set unique, keyword-rich title tags (<60 chars)
Write compelling meta descriptions (150–160 chars)
Add proper heading hierarchy (H1 → H2 → H3)
Ensure page is indexable (no noindex, no canonical issues)
Add Open Graph and Twitter card meta tags"
https://simplyenak.com/zh/privacy,utility,utility:privacy,0.5,95,1,Foundation (Position 50+ / Unranked),"Set unique, keyword-rich title tags (<60 chars)","Set unique, keyword-rich title tags (<60 chars)
Write compelling meta descriptions (150–160 chars)
Add proper heading hierarchy (H1 → H2 → H3)
Ensure page is indexable (no noindex, no canonical issues)
Add Open Graph and Twitter card meta tags"
https://simplyenak.com/zh/terms,utility,utility:terms,0.5,95,1,Foundation (Position 50+ / Unranked),"Set unique, keyword-rich title tags (<60 chars)","Set unique, keyword-rich title tags (<60 chars)
Write compelling meta descriptions (150–160 chars)
Add proper heading hierarchy (H1 → H2 → H3)
Ensure page is indexable (no noindex, no canonical issues)
Add Open Graph and Twitter card meta tags"
https://simplyenak.com/tours/locations/food-tours-penang,colony,location:food-tours-penang,0.5,22,2,Enrichment (Position 20–50),Expand body content to 1500–2500 words targeting secondary keywords,"Expand body content to 1500–2500 words targeting secondary keywords
Add FAQ section with schema markup (target PAA boxes)
Add related internal links (3–5 contextual links to tours/pages)
Improve readability: shorter paragraphs, bullet points, tables
Add multimedia: images with alt text, optional video"
https://simplyenak.com/tours/inside-pudu,tour,tour:inside-pudu,0.5,25,2,Enrichment (Position 20–50),Expand body content to 1500–2500 words targeting secondary keywords,"Expand body content to 1500–2500 words targeting secondary keywords
Add FAQ section with schema markup (target PAA boxes)
Add related internal links (3–5 contextual links to tours/pages)
Improve readability: shorter paragraphs, bullet points, tables
Add multimedia: images with alt text, optional video"
https://simplyenak.com/tours/kl-vegetarian-food-tour,tour,tour:kl-vegetarian-food-tour,0.5,25,2,Enrichment (Position 20–50),Expand body content to 1500–2500 words targeting secondary keywords,"Expand body content to 1500–2500 words targeting secondary keywords
Add FAQ section with schema markup (target PAA boxes)
Add related internal links (3–5 contextual links to tours/pages)
Improve readability: shorter paragraphs, bullet points, tables
Add multimedia: images with alt text, optional video"
https://simplyenak.com/de,homepage,homepage,0.5,50,2,Enrichment (Position 20–50),Expand body content to 1500–2500 words targeting secondary keywords,"Expand body content to 1500–2500 words targeting secondary keywords
Add FAQ section with schema markup (target PAA boxes)
Add related internal links (3–5 contextual links to tours/pages)
Improve readability: shorter paragraphs, bullet points, tables
Add multimedia: images with alt text, optional video"
https://simplyenak.com/es,homepage,homepage,0.5,50,2,Enrichment (Position 20–50),Expand body content to 1500–2500 words targeting secondary keywords,"Expand body content to 1500–2500 words targeting secondary keywords
Add FAQ section with schema markup (target PAA boxes)
Add related internal links (3–5 contextual links to tours/pages)
Improve readability: shorter paragraphs, bullet points, tables
Add multimedia: images with alt text, optional video"
https://simplyenak.com/fr,homepage,homepage,0.5,50,2,Enrichment (Position 20–50),Expand body content to 1500–2500 words targeting secondary keywords,"Expand body content to 1500–2500 words targeting secondary keywords
Add FAQ section with schema markup (target PAA boxes)
Add related internal links (3–5 contextual links to tours/pages)
Improve readability: shorter paragraphs, bullet points, tables
Add multimedia: images with alt text, optional video"
https://simplyenak.com/ja,homepage,homepage,0.5,50,2,Enrichment (Position 20–50),Expand body content to 1500–2500 words targeting secondary keywords,"Expand body content to 1500–2500 words targeting secondary keywords
Add FAQ section with schema markup (target PAA boxes)
Add related internal links (3–5 contextual links to tours/pages)
Improve readability: shorter paragraphs, bullet points, tables
Add multimedia: images with alt text, optional video"
https://simplyenak.com/ms,homepage,homepage,0.5,50,2,Enrichment (Position 20–50),Expand body content to 1500–2500 words targeting secondary keywords,"Expand body content to 1500–2500 words targeting secondary keywords
Add FAQ section with schema markup (target PAA boxes)
Add related internal links (3–5 contextual links to tours/pages)
Improve readability: shorter paragraphs, bullet points, tables
Add multimedia: images with alt text, optional video"
https://simplyenak.com/nl,homepage,homepage,0.5,50,2,Enrichment (Position 20–50),Expand body content to 1500–2500 words targeting secondary keywords,"Expand body content to 1500–2500 words targeting secondary keywords
Add FAQ section with schema markup (target PAA boxes)
Add related internal links (3–5 contextual links to tours/pages)
Improve readability: shorter paragraphs, bullet points, tables
Add multimedia: images with alt text, optional video"
https://simplyenak.com/pt,homepage,homepage,0.5,50,2,Enrichment (Position 20–50),Expand body content to 1500–2500 words targeting secondary keywords,"Expand body content to 1500–2500 words targeting secondary keywords
Add FAQ section with schema markup (target PAA boxes)
Add related internal links (3–5 contextual links to tours/pages)
Improve readability: shorter paragraphs, bullet points, tables
Add multimedia: images with alt text, optional video"
https://simplyenak.com/ru,homepage,homepage,0.5,50,2,Enrichment (Position 20–50),Expand body content to 1500–2500 words targeting secondary keywords,"Expand body content to 1500–2500 words targeting secondary keywords
Add FAQ section with schema markup (target PAA boxes)
Add related internal links (3–5 contextual links to tours/pages)
Improve readability: shorter paragraphs, bullet points, tables
Add multimedia: images with alt text, optional video"
https://simplyenak.com/zh,homepage,homepage,0.5,50,2,Enrichment (Position 20–50),Expand body content to 1500–2500 words targeting secondary keywords,"Expand body content to 1500–2500 words targeting secondary keywords
Add FAQ section with schema markup (target PAA boxes)
Add related internal links (3–5 contextual links to tours/pages)
Improve readability: shorter paragraphs, bullet points, tables
Add multimedia: images with alt text, optional video"
https://simplyenak.com/tours/kuala-lumpur-street-food,tour,tour:kuala-lumpur-street-food,0.5,15,3,Authority (Position 10–20),Acquire contextual backlinks from travel bloggers / food sites,"Acquire contextual backlinks from travel bloggers / food sites
Submit to relevant directories (TripAdvisor, Google Business Profile)
Share on social media with structured hashtags
Earn mentions through HARO / guest posting in food-travel niche
Build links from colony pages → this commercial page"
https://simplyenak.com/tours/flavours-of-malaysia,tour,tour:flavours-of-malaysia,0.5,18,3,Authority (Position 10–20),Acquire contextual backlinks from travel bloggers / food sites,"Acquire contextual backlinks from travel bloggers / food sites
Submit to relevant directories (TripAdvisor, Google Business Profile)
Share on social media with structured hashtags
Earn mentions through HARO / guest posting in food-travel niche
Build links from colony pages → this commercial page"
https://simplyenak.com/tours/locations/food-tours-kuala-lumpur,colony,location:food-tours-kuala-lumpur,0.5,20,3,Authority (Position 10–20),Acquire contextual backlinks from travel bloggers / food sites,"Acquire contextual backlinks from travel bloggers / food sites
Submit to relevant directories (TripAdvisor, Google Business Profile)
Share on social media with structured hashtags
Earn mentions through HARO / guest posting in food-travel niche
Build links from colony pages → this commercial page"
https://simplyenak.com/tours/penang-street-food,tour,tour:penang-street-food,0.5,20,3,Authority (Position 10–20),Acquire contextual backlinks from travel bloggers / food sites,"Acquire contextual backlinks from travel bloggers / food sites
Submit to relevant directories (TripAdvisor, Google Business Profile)
Share on social media with structured hashtags
Earn mentions through HARO / guest posting in food-travel niche
Build links from colony pages → this commercial page"
https://simplyenak.com/contact,supporting,page:contact,0.5,6,4,Conversion (Position 5–10),Add prominent booking CTA above the fold,"Add prominent booking CTA above the fold
Add social proof: testimonials, review scores, trust badges
A/B test title tags for CTR improvement
Add urgency signals (limited availability, 'booked X times today')
Optimize for featured snippets (answer common questions concisely)"
https://simplyenak.com/about,supporting,page:about,0.5,8,4,Conversion (Position 5–10),Add prominent booking CTA above the fold,"Add prominent booking CTA above the fold
Add social proof: testimonials, review scores, trust badges
A/B test title tags for CTR improvement
Add urgency signals (limited availability, 'booked X times today')
Optimize for featured snippets (answer common questions concisely)"
https://simplyenak.com,homepage,homepage,0.5,3,5,Maintenance (Position 1–5),Monitor position daily via GSC / rank tracker,"Monitor position daily via GSC / rank tracker
Refresh content quarterly with new information / data
Watch competitor pages for new content or features
Respond to new reviews and maintain Google Business Profile
Continue building new backlinks at sustaining pace"
https://simplyenak.com/tours,supporting,page:tours,0.5,5,5,Maintenance (Position 1–5),Monitor position daily via GSC / rank tracker,"Monitor position daily via GSC / rank tracker
Refresh content quarterly with new information / data
Watch competitor pages for new content or features
Respond to new reviews and maintain Google Business Profile
Continue building new backlinks at sustaining pace"
